,Unnamed: 0,Creditable,CheckingSize,LoanDuration,CreditHistory,Purpose,CreditAmount,Savings,EmploymentLength,InstallmentRate,Guarantors,HomeOwnedTime,Property,Age,InstallPlans,Housing,NumCredits,Job,NumOnLoan,Telephone,ForeignWorker
0,0,1,1,6,A34,A43,1169,0,6,4,A101,4,A121,1,A143,A152,2,A173,0,1,1
1,1,0,2,48,A32,A43,5951,1,4,2,A101,2,A121,0,A143,A152,1,A173,0,0,1
2,2,1,0,12,A34,A46,2096,1,5,2,A101,3,A121,1,A143,A152,1,A172,1,0,1
3,3,1,1,42,A32,A42,7882,1,5,2,A103,4,A122,1,A143,A153,1,A173,1,0,1
4,4,0,1,24,A33,A40,4870,1,4,3,A101,4,A124,1,A143,A153,2,A173,1,0,1
5,5,1,0,36,A32,A46,9055,0,4,2,A101,4,A124,1,A143,A153,1,A172,1,1,1
6,6,1,0,24,A32,A42,2835,3,6,3,A101,4,A122,1,A143,A152,1,A173,0,0,1
7,7,1,2,36,A32,A41,6948,1,4,2,A101,2,A123,1,A143,A151,1,A174,0,1,1
8,8,1,0,12,A32,A43,3059,4,5,2,A101,4,A121,1,A143,A152,1,A172,0,0,1
9,9,0,2,30,A34,A40,5234,1,0,4,A101,2,A123,1,A143,A152,2,A174,0,0,1
10,10,0,2,12,A32,A40,1295,1,1,3,A101,1,A123,1,A143,A151,1,A173,0,0,1
11,11,0,1,48,A32,A49,4308,1,1,3,A101,4,A122,0,A143,A151,1,A173,0,0,1
12,12,1,2,12,A32,A43,1567,1,4,1,A101,1,A123,0,A143,A152,1,A173,0,1,1
13,13,0,1,24,A34,A40,1199,1,6,4,A101,4,A123,1,A143,A152,2,A172,0,0,1
14,14,1,1,15,A32,A40,1403,1,4,2,A101,4,A123,1,A143,A151,1,A173,0,0,1
15,15,0,1,24,A32,A43,1282,2,4,4,A101,2,A123,1,A143,A152,1,A172,0,0,1
16,16,1,0,24,A34,A43,2424,0,6,4,A101,4,A122,1,A143,A152,2,A173,0,0,1
17,17,1,1,30,A30,A49,8072,0,1,2,A101,3,A123,1,A141,A152,3,A173,0,0,1
18,18,0,2,24,A32,A41,12579,1,6,4,A101,2,A124,1,A143,A153,1,A174,0,1,1
19,19,1,0,24,A32,A43,3430,3,6,3,A101,2,A123,1,A143,A152,1,A173,1,1,1
20,20,1,0,9,A34,A40,2134,1,4,4,A101,4,A123,1,A143,A152,3,A173,0,1,1
21,21,1,1,6,A32,A43,2647,3,4,2,A101,3,A121,1,A143,A151,1,A173,1,0,1
22,22,1,1,10,A34,A40,2241,1,1,1,A101,3,A121,1,A143,A151,2,A172,1,0,0
23,23,1,2,12,A34,A41,1804,2,1,3,A101,4,A122,1,A143,A152,1,A173,0,0,1
24,24,1,0,10,A34,A42,2069,0,4,2,A101,1,A123,1,A143,A152,2,A173,0,0,0
25,25,1,1,6,A32,A42,1374,1,4,1,A101,2,A121,1,A141,A152,1,A172,0,1,1
26,26,1,0,6,A30,A43,426,1,6,4,A101,4,A123,1,A143,A152,1,A172,0,0,1
27,27,1,3,12,A31,A43,409,4,4,3,A101,3,A121,1,A143,A151,2,A173,0,0,1
28,28,1,2,7,A32,A43,2415,1,4,3,A103,2,A121,1,A143,A152,1,A173,0,0,1
29,29,0,1,60,A33,A49,6836,1,6,3,A101,4,A124,1,A143,A152,2,A173,0,1,1
30,30,1,2,18,A32,A49,1913,4,1,3,A101,3,A121,1,A141,A152,1,A173,0,1,1
31,31,1,1,24,A32,A42,4020,1,4,2,A101,2,A123,1,A142,A152,1,A173,0,0,1
32,32,1,2,18,A32,A40,5866,2,4,2,A101,2,A123,1,A143,A152,2,A173,0,1,1
33,33,1,0,12,A34,A49,1264,0,6,4,A101,4,A124,1,A143,A151,1,A172,0,0,1
34,34,1,3,12,A32,A42,1474,1,1,4,A101,1,A122,1,A141,A152,1,A174,0,1,1
35,35,0,2,45,A34,A43,4746,1,1,4,A101,2,A122,1,A143,A152,2,A172,0,0,1
36,36,1,0,48,A34,A46,6110,1,4,1,A101,3,A124,1,A141,A153,1,A173,0,1,1
37,37,0,3,18,A32,A43,2100,1,4,4,A102,2,A121,1,A142,A152,1,A173,0,0,1
38,38,1,3,10,A32,A44,1225,1,4,2,A101,2,A123,1,A143,A152,1,A173,0,1,1
39,39,1,2,9,A32,A43,458,1,4,4,A101,3,A121,0,A143,A152,1,A173,0,0,1
40,40,1,0,30,A32,A43,2333,3,6,4,A101,2,A123,1,A141,A152,1,A174,0,0,1
41,41,1,2,12,A32,A43,1158,3,4,3,A101,1,A123,1,A143,A152,1,A173,0,1,1
42,42,1,2,18,A33,A45,6204,1,4,2,A101,4,A121,1,A143,A152,1,A172,1,1,1
43,43,1,1,30,A34,A41,6187,2,5,1,A101,4,A123,0,A143,A151,2,A173,0,0,1
44,44,0,1,48,A34,A41,6143,1,6,4,A101,4,A124,1,A142,A153,2,A172,0,0,1
45,45,1,0,11,A34,A40,1393,1,1,4,A101,4,A123,1,A143,A152,2,A174,0,0,1
46,46,1,0,36,A32,A43,2299,3,6,4,A101,4,A123,1,A143,A152,1,A173,0,0,1
47,47,1,1,6,A32,A41,1352,3,0,1,A101,2,A122,0,A143,A151,1,A171,0,1,1
48,48,1,0,11,A34,A40,7228,1,4,1,A101,4,A122,1,A143,A152,2,A172,0,0,1
49,49,1,0,12,A32,A43,2073,2,4,4,A102,2,A121,1,A143,A152,1,A173,0,0,1
50,50,1,2,24,A33,A42,2333,0,1,4,A101,2,A122,1,A141,A152,1,A172,0,0,1
51,51,1,2,27,A33,A41,5965,1,6,1,A101,2,A123,1,A143,A152,2,A174,0,1,1
52,52,1,0,12,A32,A43,1262,1,4,3,A101,2,A123,1,A143,A152,1,A173,0,0,1
53,53,1,0,18,A32,A41,3378,0,4,2,A101,1,A122,1,A143,A152,1,A173,0,1,1
54,54,0,2,36,A33,A40,2225,1,6,4,A101,4,A124,1,A141,A153,2,A173,0,1,1
55,55,1,0,6,A31,A40,783,0,4,1,A103,2,A121,1,A142,A152,1,A172,1,0,1
56,56,0,2,12,A32,A43,6468,0,0,2,A101,1,A124,1,A143,A152,1,A174,0,1,1
57,57,1,0,36,A34,A43,9566,1,4,2,A101,2,A123,1,A142,A152,2,A173,0,0,1
58,58,1,3,18,A32,A40,1961,1,6,3,A101,2,A123,0,A143,A152,1,A174,0,0,1
59,59,0,1,36,A34,A42,6229,1,1,4,A102,4,A124,0,A143,A151,2,A172,0,1,1
60,60,1,2,9,A32,A49,1391,1,4,2,A101,1,A121,1,A141,A152,1,A173,0,1,1
61,61,1,2,15,A34,A43,1537,0,6,4,A103,4,A121,1,A143,A152,2,A173,0,1,1
62,62,0,2,36,A30,A49,1953,1,6,4,A101,4,A124,1,A143,A153,1,A174,0,1,1
63,63,0,2,48,A30,A49,14421,1,4,2,A101,2,A123,1,A143,A152,1,A173,0,1,1
64,64,1,0,24,A32,A43,3181,1,1,4,A101,4,A122,1,A143,A152,1,A173,0,1,1
65,65,1,0,27,A32,A45,5190,0,6,4,A101,4,A122,1,A143,A152,4,A173,1,1,1
66,66,1,0,12,A32,A43,2171,1,1,2,A101,2,A123,1,A141,A152,1,A173,0,0,1
67,67,1,2,12,A32,A40,1007,4,4,4,A101,1,A121,0,A143,A152,1,A173,0,0,1
68,68,0,0,36,A32,A46,1819,1,4,4,A101,4,A124,1,A142,A153,1,A173,0,1,1
69,69,1,0,36,A32,A43,2394,0,4,4,A101,4,A123,1,A143,A152,1,A173,0,0,1
70,70,1,0,36,A32,A41,8133,1,4,1,A101,2,A122,1,A141,A152,1,A173,0,0,1
71,71,1,0,7,A34,A43,730,0,6,4,A101,2,A122,1,A143,A151,2,A172,0,1,1
72,72,1,1,8,A34,A410,1164,1,6,3,A101,4,A124,1,A141,A153,2,A174,1,1,1
73,73,1,2,42,A34,A49,5954,1,5,2,A101,1,A121,1,A141,A152,2,A172,0,0,1
74,74,0,1,36,A32,A46,1977,0,6,4,A101,4,A124,1,A143,A152,1,A174,0,1,1
75,75,1,1,12,A34,A41,1526,1,6,4,A101,4,A124,1,A143,A153,2,A174,0,0,1
76,76,0,1,42,A32,A43,3965,1,1,4,A101,3,A123,1,A143,A152,1,A173,0,0,1
77,77,1,2,11,A33,A43,4771,1,5,2,A101,4,A122,1,A143,A152,1,A173,0,0,1
78,78,1,0,54,A30,A41,9436,0,4,2,A101,2,A122,1,A143,A152,1,A172,1,0,1
79,79,1,2,30,A32,A42,3832,1,1,2,A101,1,A122,0,A143,A152,1,A173,0,0,1
80,80,0,0,24,A32,A43,5943,0,1,1,A101,1,A123,1,A143,A152,2,A173,0,1,1
81,81,1,0,15,A32,A43,1213,3,6,4,A101,3,A122,1,A142,A152,1,A173,0,1,1
82,82,1,0,18,A32,A49,1568,2,4,3,A101,4,A122,0,A143,A151,1,A172,0,0,1
83,83,1,1,24,A32,A410,1755,1,6,4,A103,4,A121,1,A143,A152,1,A172,0,1,1
84,84,1,1,10,A32,A43,2315,1,6,3,A101,4,A121,1,A143,A152,1,A172,0,0,1
85,85,1,0,12,A34,A49,1412,1,4,4,A103,2,A121,1,A143,A152,2,A174,0,1,1
86,86,1,2,18,A34,A42,1295,1,1,4,A101,1,A122,1,A143,A152,2,A173,0,0,1
87,87,0,2,36,A32,A46,12612,2,4,1,A101,4,A124,1,A143,A153,1,A173,1,1,1
88,88,1,1,18,A32,A40,2249,2,5,4,A101,3,A123,1,A143,A152,1,A174,1,1,1
89,89,0,1,12,A30,A45,1108,1,5,4,A101,3,A121,1,A143,A152,2,A173,0,0,1
90,90,1,0,12,A34,A43,618,1,6,4,A101,4,A121,1,A143,A152,1,A173,0,0,1
91,91,1,1,12,A34,A41,1409,1,6,4,A101,3,A121,1,A143,A152,1,A173,0,0,1
92,92,0,0,12,A34,A43,797,0,6,4,A101,3,A122,1,A141,A152,1,A172,1,0,1
93,93,1,3,24,A34,A42,3617,0,6,4,A102,4,A124,0,A143,A151,2,A173,0,0,1
94,94,1,2,12,A32,A40,1318,4,6,4,A101,4,A121,1,A143,A152,1,A173,0,1,1
95,95,0,2,54,A30,A49,15945,1,1,3,A101,4,A124,1,A143,A151,1,A173,0,1,1
96,96,1,0,12,A34,A46,2012,0,5,4,A101,2,A123,1,A143,A152,1,A173,0,0,1
97,97,1,2,18,A32,A49,2622,2,4,4,A101,4,A123,1,A143,A152,1,A173,0,0,1
98,98,1,2,36,A34,A43,2337,1,6,4,A101,4,A121,1,A143,A152,1,A173,0,0,1
99,99,1,2,20,A33,A41,7057,0,5,3,A101,4,A122,1,A141,A151,2,A174,1,1,1
100,100,1,0,24,A32,A40,1469,2,6,4,A101,4,A121,1,A143,A151,1,A172,0,0,1
101,101,1,2,36,A32,A43,2323,1,5,4,A101,4,A123,0,A143,A151,1,A173,0,0,1
102,102,1,0,6,A33,A43,932,1,4,3,A101,2,A121,0,A143,A152,1,A173,0,0,1
103,103,1,2,9,A34,A42,1919,1,5,4,A101,3,A123,1,A143,A151,1,A173,0,1,1
104,104,1,0,12,A32,A41,2445,0,1,2,A101,4,A123,1,A143,A151,1,A173,0,1,1
105,105,0,2,24,A34,A410,11938,1,4,2,A102,3,A123,1,A143,A152,2,A174,1,1,1
106,106,0,0,18,A31,A40,6458,1,6,2,A101,4,A124,1,A141,A152,2,A174,1,1,1
107,107,1,2,12,A32,A40,6078,1,5,2,A101,2,A123,1,A143,A152,1,A173,0,0,1
108,108,1,1,24,A32,A42,7721,0,1,1,A101,2,A122,1,A143,A152,1,A173,0,1,0
109,109,1,2,14,A32,A49,1410,3,6,1,A101,2,A121,1,A143,A152,1,A173,0,1,1
110,110,1,2,6,A33,A49,1449,2,6,1,A101,2,A123,1,A141,A152,2,A173,1,0,1
111,111,1,3,15,A32,A46,392,1,1,4,A101,4,A122,0,A143,A151,1,A173,0,1,1
112,112,1,2,18,A32,A40,6260,1,5,3,A101,3,A121,1,A143,A151,1,A172,0,0,1
113,113,0,0,36,A34,A40,7855,1,4,4,A101,2,A121,1,A142,A152,2,A173,0,1,1
114,114,1,1,12,A32,A43,1680,3,6,3,A101,1,A121,1,A143,A152,1,A173,0,0,1
115,115,1,0,48,A34,A43,3578,0,6,4,A101,1,A121,1,A143,A152,1,A173,0,1,1
116,116,0,1,42,A32,A43,7174,0,5,4,A101,3,A123,1,A143,A152,1,A174,0,1,1
117,117,1,1,10,A34,A42,2132,0,1,2,A102,3,A121,1,A143,A151,2,A173,0,0,0
118,118,0,1,33,A34,A42,4281,3,4,1,A101,4,A123,0,A143,A152,2,A173,0,0,1
119,119,1,2,12,A34,A40,2366,3,5,3,A101,3,A123,1,A143,A152,1,A174,0,1,1
120,120,0,1,21,A32,A43,1835,1,4,3,A101,2,A121,1,A143,A152,2,A173,0,1,1
121,121,1,0,24,A34,A41,3868,1,6,4,A101,2,A123,1,A143,A151,2,A174,0,1,1
122,122,1,0,12,A32,A42,1768,1,4,3,A101,2,A121,0,A143,A151,1,A172,0,0,1
123,123,1,3,10,A34,A40,781,1,6,4,A101,4,A124,1,A143,A153,2,A173,0,1,1
124,124,0,2,18,A32,A42,1924,0,1,4,A101,3,A121,1,A143,A151,1,A173,0,0,1
125,125,1,1,12,A34,A40,2121,1,4,4,A101,2,A122,1,A143,A152,2,A173,0,0,1
126,126,1,1,12,A32,A43,701,1,4,4,A101,2,A121,1,A143,A152,1,A172,0,0,1
127,127,0,2,12,A32,A45,639,1,4,4,A101,2,A123,1,A143,A152,1,A173,0,0,1
128,128,1,2,12,A34,A41,1860,1,0,4,A101,2,A123,1,A143,A152,2,A174,0,1,1
129,129,0,1,12,A34,A40,3499,1,4,3,A102,2,A121,1,A143,A152,2,A173,0,0,1
130,130,1,2,48,A32,A40,8487,0,5,1,A101,2,A123,0,A143,A152,1,A173,0,0,1
131,131,0,1,36,A33,A46,6887,1,4,4,A101,3,A122,1,A142,A152,1,A173,0,1,1
132,132,1,0,15,A32,A42,2708,1,1,2,A101,3,A122,1,A141,A152,2,A172,0,0,1
133,133,1,0,18,A32,A42,1984,1,4,4,A101,4,A124,1,A141,A153,2,A173,0,0,1
134,134,1,0,60,A32,A43,10144,2,5,2,A101,4,A121,0,A143,A152,1,A173,0,1,1
135,135,1,0,12,A34,A43,1240,0,6,4,A101,2,A121,1,A143,A152,2,A173,0,1,1
136,136,1,0,27,A33,A41,8613,4,4,2,A101,2,A123,1,A143,A152,2,A173,0,0,1
137,137,0,2,12,A32,A43,766,3,4,4,A101,3,A121,1,A143,A152,1,A172,0,0,1
138,138,1,2,15,A34,A43,2728,0,5,4,A103,2,A121,1,A141,A152,3,A173,0,1,1
139,139,1,3,12,A32,A43,1881,1,4,2,A101,2,A123,1,A143,A151,1,A172,0,1,1
140,140,1,3,6,A32,A40,709,4,1,2,A101,2,A121,1,A143,A152,1,A171,0,0,0
141,141,1,2,36,A32,A43,4795,1,1,4,A101,1,A124,1,A143,A152,1,A174,0,1,1
142,142,1,1,27,A32,A43,3416,1,4,3,A101,2,A123,1,A143,A152,1,A174,0,0,1
143,143,0,1,18,A32,A42,2462,1,4,2,A101,2,A123,0,A143,A152,1,A173,0,0,1
144,144,1,0,21,A34,A42,2288,1,1,4,A101,4,A122,0,A143,A152,1,A173,0,1,1
145,145,1,2,48,A31,A49,3566,2,5,4,A101,2,A123,1,A143,A152,1,A173,0,0,1
146,146,1,1,6,A34,A40,860,1,6,1,A101,4,A124,1,A143,A152,2,A173,0,1,1
147,147,1,0,12,A34,A40,682,2,5,4,A101,3,A123,1,A143,A152,2,A173,0,1,1
148,148,1,1,36,A34,A42,5371,1,4,3,A103,2,A122,1,A143,A152,2,A173,0,0,1
149,149,1,0,18,A34,A43,1582,4,6,4,A101,4,A123,1,A143,A152,2,A173,0,0,1
150,150,1,0,6,A32,A43,1346,2,6,2,A101,4,A124,1,A141,A153,1,A173,1,1,1
151,151,1,0,10,A32,A43,1924,1,4,1,A101,4,A122,1,A143,A152,1,A173,0,1,0
152,152,1,3,36,A32,A43,5848,1,4,4,A101,1,A123,0,A143,A152,1,A173,0,0,1
153,153,1,2,24,A34,A41,7758,4,6,2,A101,4,A124,1,A143,A151,1,A173,0,0,1
154,154,1,2,24,A33,A49,6967,2,5,4,A101,4,A123,1,A143,A151,1,A174,0,1,1
155,155,0,1,12,A32,A42,1282,1,4,2,A101,4,A123,0,A143,A151,1,A173,0,0,1
156,156,1,1,9,A34,A45,1288,2,6,3,A103,4,A121,1,A143,A152,2,A173,1,0,0
157,157,1,1,12,A31,A48,339,1,6,4,A101,1,A123,1,A141,A152,1,A172,0,0,1
158,158,1,2,24,A32,A40,3512,2,5,2,A101,3,A123,1,A141,A152,2,A173,0,1,1
159,159,1,0,6,A34,A43,1898,0,4,1,A101,2,A121,1,A143,A152,2,A172,1,0,1
160,160,1,0,24,A34,A43,2872,2,6,3,A101,4,A121,1,A143,A152,1,A173,1,1,1
161,161,1,0,18,A34,A40,1055,1,1,4,A101,1,A122,1,A143,A152,2,A173,0,0,1
162,162,1,0,15,A32,A44,1262,3,5,4,A101,3,A122,1,A143,A152,2,A173,0,1,1
163,163,1,2,10,A32,A40,7308,1,0,2,A101,4,A124,1,A141,A153,1,A174,0,1,1
164,164,1,0,36,A32,A40,909,3,6,4,A101,4,A122,1,A143,A152,1,A173,0,0,1
165,165,1,0,6,A32,A42,2978,3,4,1,A101,2,A123,1,A143,A152,1,A173,0,1,1
166,166,0,1,18,A32,A42,1131,1,0,4,A101,2,A123,1,A143,A152,1,A173,0,0,1
167,167,1,2,11,A32,A42,1577,4,1,4,A101,1,A121,0,A143,A152,1,A173,0,0,1
168,168,1,0,24,A32,A42,3972,1,5,2,A101,4,A122,1,A143,A151,1,A173,0,1,1
169,169,0,2,24,A34,A49,1935,1,6,4,A101,4,A121,1,A143,A152,2,A173,0,1,1
170,170,0,1,15,A30,A40,950,1,6,4,A101,3,A123,1,A143,A151,2,A173,1,0,1
171,171,1,0,12,A32,A42,763,1,4,4,A101,1,A121,1,A143,A152,1,A173,0,1,1
172,172,0,2,24,A33,A42,2064,1,0,3,A101,2,A122,1,A143,A152,1,A174,0,1,1
173,173,1,2,8,A32,A43,1414,1,4,4,A103,2,A121,1,A143,A152,1,A173,0,0,0
174,174,0,1,21,A33,A46,3414,1,1,2,A101,1,A122,1,A143,A152,2,A173,0,0,1
175,175,0,0,30,A31,A41,7485,0,0,4,A101,1,A121,1,A141,A152,1,A174,0,1,1
176,176,1,1,12,A32,A42,2577,1,4,2,A101,1,A123,1,A143,A152,1,A173,0,0,1
177,177,1,1,6,A34,A43,338,3,6,4,A101,4,A123,1,A143,A152,2,A173,0,0,1
178,178,1,0,12,A32,A43,1963,1,5,4,A101,2,A123,1,A143,A151,2,A174,1,1,1
179,179,1,1,21,A34,A40,571,1,6,4,A101,4,A121,1,A143,A152,2,A173,0,0,1
180,180,0,0,36,A33,A49,9572,1,1,1,A101,1,A123,1,A143,A152,2,A173,0,0,1
181,181,0,2,36,A33,A49,4455,1,4,2,A101,2,A121,1,A142,A152,2,A174,0,1,1
182,182,0,1,21,A31,A40,1647,0,4,4,A101,2,A122,1,A143,A152,2,A172,1,0,1
183,183,1,0,24,A34,A42,3777,4,4,4,A101,4,A121,1,A143,A152,1,A173,0,1,1
184,184,0,2,18,A34,A40,884,1,6,4,A101,4,A123,1,A141,A152,1,A173,1,1,1
185,185,1,0,15,A34,A43,1360,1,4,4,A101,2,A122,1,A143,A152,2,A173,0,0,1
186,186,0,2,9,A31,A41,5129,1,6,2,A101,4,A124,1,A141,A153,1,A174,1,1,1
187,187,1,2,16,A34,A40,1175,1,0,2,A101,3,A123,1,A143,A153,3,A171,0,1,1
188,188,0,1,12,A32,A43,674,2,5,4,A101,1,A122,0,A143,A152,1,A173,0,0,1
189,189,1,2,18,A30,A42,3244,1,4,1,A101,4,A123,1,A141,A152,2,A173,0,1,1
190,190,0,0,24,A32,A49,4591,4,4,2,A101,3,A122,1,A143,A152,3,A174,0,1,1
191,191,0,2,48,A30,A49,3844,2,5,4,A101,4,A124,1,A143,A153,1,A172,1,0,1
192,192,0,2,27,A32,A49,3915,1,4,4,A101,2,A123,1,A143,A152,1,A173,1,1,1
193,193,1,0,6,A32,A43,2108,1,5,2,A101,2,A121,1,A143,A151,1,A173,0,0,1
194,194,0,2,45,A32,A43,3031,2,4,4,A103,4,A122,0,A143,A151,1,A173,0,0,1
195,195,0,2,9,A34,A46,1501,1,6,2,A101,3,A123,1,A143,A152,2,A174,0,1,1
196,196,1,0,6,A34,A43,1382,1,4,1,A101,1,A123,1,A143,A152,2,A173,0,1,1
197,197,0,2,12,A32,A42,951,2,1,4,A101,4,A123,1,A141,A151,4,A173,0,0,1
198,198,1,2,24,A32,A41,2760,0,6,4,A101,4,A124,1,A141,A153,1,A173,0,1,1
199,199,0,2,18,A33,A42,4297,1,6,4,A101,3,A124,1,A143,A152,1,A174,0,1,1
200,200,1,0,9,A34,A46,936,3,6,4,A101,2,A123,1,A143,A152,2,A173,0,1,1
201,201,1,1,12,A32,A40,1168,1,4,4,A101,3,A121,1,A143,A152,1,A172,0,0,1
202,202,1,0,27,A33,A49,5117,1,5,3,A101,4,A123,1,A143,A152,2,A173,0,0,1
203,203,0,1,12,A32,A48,902,1,5,4,A101,4,A122,0,A143,A151,1,A173,0,0,1
204,204,1,0,12,A34,A40,1495,1,6,4,A101,1,A121,1,A143,A152,2,A172,1,0,1
205,205,1,1,30,A34,A41,10623,1,6,3,A101,4,A124,1,A143,A153,3,A174,1,1,1
206,206,1,0,12,A34,A42,1935,1,6,4,A101,4,A121,1,A143,A152,3,A173,0,1,1
207,207,1,2,12,A34,A44,1424,1,5,4,A101,3,A122,1,A143,A152,1,A173,0,0,1
208,208,1,1,24,A32,A49,6568,1,4,2,A101,2,A123,0,A142,A152,1,A172,0,0,1
209,209,1,0,12,A32,A41,1413,4,5,3,A101,2,A122,1,A143,A152,1,A173,0,0,0
210,210,1,0,9,A34,A43,3074,0,4,1,A101,2,A121,1,A143,A152,2,A173,1,0,1
211,211,1,0,36,A32,A43,3835,0,6,2,A101,4,A121,1,A143,A152,1,A172,0,1,1
212,212,0,1,27,A30,A49,5293,1,0,2,A101,4,A122,1,A142,A152,2,A173,0,1,1
213,213,0,3,30,A33,A49,1908,1,6,4,A101,4,A121,1,A143,A152,1,A174,0,1,1
214,214,1,0,36,A34,A43,3342,0,6,4,A101,2,A123,1,A143,A152,1,A173,0,1,1
215,215,1,2,6,A34,A48,932,0,5,1,A101,3,A122,1,A143,A152,2,A172,0,0,1
216,216,1,1,18,A30,A49,3104,1,5,3,A101,1,A122,1,A141,A152,1,A173,0,1,1
217,217,1,3,36,A32,A43,3913,1,4,2,A101,2,A121,0,A143,A152,1,A173,0,1,1
218,218,1,1,24,A32,A42,3021,1,4,2,A101,2,A121,0,A143,A151,1,A172,0,0,1
219,219,1,0,10,A32,A40,1364,1,4,2,A101,4,A123,1,A143,A152,1,A173,0,1,1
220,220,1,2,12,A32,A43,625,1,1,4,A103,1,A121,1,A141,A152,1,A172,0,0,1
221,221,1,1,12,A32,A46,1200,0,4,4,A101,4,A122,0,A141,A151,1,A173,0,1,1
222,222,1,0,12,A32,A43,707,1,4,4,A101,2,A121,1,A141,A152,2,A173,0,0,1
223,223,1,0,24,A33,A49,2978,0,4,4,A101,4,A121,1,A143,A152,2,A173,1,1,1
224,224,1,0,15,A32,A41,4657,1,4,3,A101,2,A123,1,A143,A152,1,A173,0,1,1
225,225,1,0,36,A30,A45,2613,1,4,4,A101,2,A123,1,A143,A152,2,A173,0,0,1
226,226,0,2,48,A32,A43,10961,4,5,1,A102,2,A124,1,A141,A152,2,A173,0,1,1
227,227,0,1,12,A32,A42,7865,1,6,4,A101,4,A124,1,A143,A153,1,A174,0,1,1
228,228,0,0,9,A32,A43,1478,1,5,4,A101,2,A123,0,A143,A152,1,A173,0,0,1
229,229,1,1,24,A32,A42,3149,1,1,4,A101,1,A124,0,A141,A153,1,A173,0,0,1
230,230,0,3,36,A32,A43,4210,1,4,4,A101,2,A123,1,A143,A152,1,A173,0,0,1
231,231,1,0,9,A32,A40,2507,3,6,2,A101,4,A124,1,A143,A153,1,A172,0,0,1
232,232,1,0,12,A32,A43,2141,2,5,3,A101,1,A124,1,A143,A152,1,A173,0,0,1
233,233,1,2,18,A32,A43,866,1,4,4,A103,2,A121,1,A143,A152,1,A172,0,0,1
234,234,1,0,4,A34,A43,1544,1,5,2,A101,1,A121,1,A143,A152,3,A172,1,0,1
235,235,0,1,24,A32,A43,1823,1,0,4,A101,2,A123,1,A142,A152,1,A174,1,0,1
236,236,0,2,6,A32,A40,14555,0,0,1,A101,2,A122,0,A143,A152,1,A171,0,1,1
237,237,0,2,21,A32,A49,2767,2,6,4,A101,2,A123,1,A141,A151,2,A172,0,0,1
238,238,1,0,12,A34,A43,1291,1,4,4,A101,2,A122,1,A143,A152,2,A173,0,0,1
239,239,1,1,30,A32,A43,2522,1,6,1,A103,3,A122,1,A143,A152,1,A173,1,0,1
240,240,0,1,24,A32,A40,915,0,6,4,A101,2,A123,1,A141,A152,1,A173,0,0,1
241,241,1,0,6,A32,A43,1595,1,5,3,A101,2,A122,1,A143,A152,1,A173,1,0,1
242,242,0,1,48,A30,A41,4605,1,6,3,A101,4,A124,0,A143,A153,2,A173,1,0,1
243,243,1,0,12,A34,A49,1185,1,4,3,A101,2,A121,1,A143,A152,2,A173,0,0,1
244,244,1,0,12,A31,A48,3447,3,4,4,A101,3,A121,1,A143,A152,1,A172,1,0,1
245,245,1,0,24,A32,A49,1258,1,5,4,A101,1,A121,1,A143,A152,1,A173,0,1,1
246,246,1,0,12,A34,A43,717,1,6,4,A101,4,A121,1,A143,A152,3,A173,0,0,1
247,247,1,0,6,A30,A40,1204,2,4,4,A101,1,A124,1,A141,A151,1,A173,0,0,0
248,248,1,3,24,A32,A42,1925,1,4,2,A101,2,A121,1,A143,A152,1,A173,0,0,1
249,249,0,0,18,A32,A43,433,1,0,3,A102,4,A121,0,A143,A151,1,A173,0,0,1
250,250,1,1,6,A34,A40,666,4,5,3,A101,4,A121,1,A143,A152,2,A172,0,1,1
251,251,1,3,12,A32,A42,2251,1,4,1,A101,2,A123,1,A143,A152,1,A172,0,0,1
252,252,0,2,30,A32,A40,2150,1,4,4,A103,2,A124,0,A141,A152,1,A173,0,0,1
253,253,1,0,24,A33,A42,4151,2,4,2,A101,3,A122,1,A143,A152,2,A173,0,0,1
254,254,1,2,9,A32,A42,2030,0,5,2,A101,1,A123,0,A143,A152,1,A173,0,1,1
255,255,1,2,60,A33,A43,7418,0,4,1,A101,1,A121,1,A143,A152,1,A172,0,0,1
256,256,1,0,24,A34,A43,2684,1,4,4,A101,2,A121,1,A143,A152,2,A172,0,0,1
257,257,0,1,12,A31,A43,2149,1,4,4,A101,1,A124,1,A143,A153,1,A173,0,0,1
258,258,1,0,15,A32,A41,3812,2,1,1,A101,4,A123,0,A143,A152,1,A173,0,1,1
259,259,1,0,11,A34,A43,1154,2,0,4,A101,4,A121,1,A143,A152,3,A172,0,0,1
260,260,1,1,12,A32,A42,1657,1,4,2,A101,2,A121,1,A143,A152,1,A173,0,0,1
261,261,1,1,24,A32,A43,1603,1,6,4,A101,4,A123,1,A143,A152,1,A173,0,0,1
262,262,1,1,18,A34,A40,5302,1,6,2,A101,4,A124,1,A143,A153,3,A174,0,1,1
263,263,1,0,12,A34,A46,2748,1,6,2,A101,4,A124,1,A141,A153,3,A172,0,0,1
264,264,1,0,10,A34,A40,1231,1,6,3,A101,4,A121,1,A143,A152,2,A172,1,0,0
265,265,0,2,15,A32,A43,802,1,6,4,A101,3,A123,1,A143,A152,1,A173,1,0,1
266,266,1,0,36,A34,A49,6304,0,6,4,A101,4,A121,1,A143,A152,2,A173,0,0,1
267,267,1,0,24,A32,A43,1533,1,1,4,A101,3,A123,1,A142,A152,1,A173,0,1,1
268,268,0,1,14,A32,A40,8978,1,6,1,A101,4,A122,1,A143,A152,1,A174,0,1,0
269,269,1,0,24,A32,A43,999,0,6,4,A101,2,A123,1,A143,A152,2,A173,0,0,1
270,270,1,0,18,A32,A40,2662,0,5,4,A101,3,A122,1,A143,A152,1,A173,0,0,0
271,271,1,0,12,A34,A42,1402,3,5,3,A101,4,A123,1,A143,A151,1,A173,0,1,1
272,272,1,2,48,A31,A40,12169,0,0,4,A102,4,A124,1,A143,A153,1,A174,0,1,1
273,273,0,2,48,A32,A43,3060,1,5,4,A101,4,A121,1,A143,A152,2,A173,0,0,1
274,274,0,1,30,A32,A45,11998,1,1,1,A101,1,A124,1,A143,A152,1,A172,0,1,1
275,275,1,0,9,A32,A43,2697,1,4,1,A101,2,A121,1,A143,A152,1,A173,1,0,1
276,276,1,0,18,A34,A43,2404,1,4,2,A101,2,A123,1,A143,A152,2,A173,0,0,1
277,277,1,1,12,A32,A42,1262,0,6,2,A101,4,A122,1,A143,A152,1,A172,0,1,1
278,278,0,0,6,A32,A42,4611,1,1,1,A101,4,A122,1,A143,A152,1,A173,0,0,1
279,279,1,0,24,A32,A43,1901,2,4,4,A101,4,A123,1,A143,A151,1,A174,0,1,1
280,280,1,0,15,A34,A41,3368,4,6,3,A101,4,A124,0,A143,A151,2,A173,0,1,1
281,281,1,0,12,A32,A42,1574,1,4,4,A101,2,A121,1,A143,A152,1,A173,0,0,1
282,282,1,3,18,A31,A43,1445,0,5,4,A101,4,A123,1,A141,A152,1,A172,0,0,1
283,283,1,0,15,A34,A42,1520,0,6,4,A101,4,A122,1,A143,A152,1,A173,0,0,1
284,284,1,2,24,A34,A40,3878,2,1,4,A101,2,A123,1,A143,A152,1,A173,0,1,1
285,285,1,1,47,A32,A40,10722,1,1,1,A101,1,A121,1,A143,A152,1,A172,0,1,1
286,286,1,1,48,A32,A41,4788,1,5,4,A101,3,A122,1,A143,A152,1,A173,1,0,1
287,287,1,2,48,A33,A410,7582,2,0,2,A101,4,A124,1,A143,A153,1,A174,0,1,1
288,288,1,2,12,A32,A43,1092,1,4,4,A103,4,A121,1,A143,A152,2,A173,0,1,1
289,289,0,1,24,A33,A43,1024,1,1,4,A101,4,A121,1,A142,A152,1,A173,0,0,1
290,290,1,0,12,A32,A49,1076,1,4,2,A101,2,A121,1,A143,A152,1,A173,0,1,0
291,291,0,2,36,A32,A41,9398,1,1,1,A101,4,A123,1,A143,A151,1,A174,0,1,1
292,292,1,1,24,A34,A41,6419,1,6,2,A101,4,A124,1,A143,A153,2,A174,1,1,1
293,293,1,3,42,A34,A41,4796,1,6,4,A101,4,A124,1,A143,A153,1,A173,0,0,1
294,294,1,0,48,A34,A49,7629,0,6,4,A101,2,A123,1,A141,A152,2,A174,1,0,1
295,295,0,2,48,A32,A42,9960,1,1,1,A101,2,A123,1,A143,A152,1,A173,0,1,1
296,296,1,0,12,A32,A41,4675,0,1,1,A101,4,A123,0,A143,A151,1,A173,0,0,1
297,297,1,0,10,A32,A40,1287,0,6,4,A102,2,A122,1,A143,A152,1,A172,0,0,0
298,298,1,0,18,A32,A42,2515,1,4,3,A101,4,A121,1,A143,A152,1,A173,0,1,1
299,299,1,2,21,A34,A42,2745,4,5,3,A101,2,A123,1,A143,A152,2,A173,0,1,1
300,300,1,0,6,A32,A40,672,1,0,1,A101,4,A121,1,A143,A152,1,A171,0,1,1
301,301,0,2,36,A30,A43,3804,1,4,4,A101,1,A123,1,A143,A152,1,A173,0,1,1
302,302,0,3,24,A34,A40,1344,0,5,4,A101,2,A121,1,A141,A152,2,A172,1,0,1
303,303,1,1,10,A34,A40,1038,1,5,4,A102,3,A122,1,A143,A152,2,A173,0,1,1
304,304,0,0,48,A34,A40,10127,3,4,2,A101,2,A124,1,A141,A153,1,A173,0,0,1
305,305,1,0,6,A32,A42,1543,4,4,4,A101,2,A121,1,A143,A152,1,A173,0,0,1
306,306,1,0,30,A32,A41,4811,0,5,2,A101,4,A122,0,A142,A151,1,A172,0,0,1
307,307,0,1,12,A32,A43,727,2,1,4,A101,3,A124,1,A143,A152,1,A172,0,1,1
308,308,0,2,8,A32,A42,1237,1,4,3,A101,4,A121,0,A143,A152,1,A173,0,0,1
309,309,1,2,9,A32,A40,276,1,4,4,A101,4,A121,0,A143,A151,1,A172,0,0,1
310,310,1,2,48,A32,A410,5381,0,0,3,A101,4,A124,1,A141,A153,1,A171,0,1,1
311,311,1,0,24,A32,A42,5511,2,4,4,A101,1,A123,1,A142,A152,1,A173,0,0,1
312,312,1,3,24,A32,A42,3749,1,1,2,A101,4,A123,1,A143,A152,1,A173,0,0,1
313,313,0,2,12,A32,A40,685,1,5,2,A101,3,A123,1,A141,A152,1,A172,0,0,1
314,314,1,3,4,A32,A40,1494,0,1,1,A101,2,A121,1,A143,A152,1,A172,1,0,0
315,315,0,1,36,A31,A42,2746,1,6,4,A101,4,A123,1,A141,A152,1,A173,0,0,1
316,316,1,1,12,A32,A42,708,1,4,2,A103,3,A122,1,A143,A152,1,A172,1,0,1
317,317,1,2,24,A32,A42,4351,0,4,1,A101,4,A122,1,A143,A152,1,A172,0,1,1
318,318,1,0,12,A34,A46,701,1,4,4,A101,2,A123,1,A143,A152,2,A173,0,0,1
319,319,1,1,15,A33,A42,3643,1,6,1,A101,4,A122,1,A143,A152,2,A172,0,0,1
320,320,0,2,30,A34,A40,4249,1,0,4,A101,2,A123,1,A143,A152,2,A174,0,0,1
321,321,0,1,24,A32,A43,1938,1,1,4,A101,3,A122,1,A143,A152,1,A173,0,0,1
322,322,1,1,24,A32,A41,2910,1,5,2,A101,1,A124,1,A143,A153,1,A174,0,1,1
323,323,1,1,18,A32,A42,2659,4,4,4,A101,2,A123,1,A143,A152,1,A173,0,0,1
324,324,1,0,18,A34,A40,1028,1,4,4,A101,3,A121,1,A143,A152,2,A173,0,0,1
325,325,1,1,8,A34,A40,3398,1,5,1,A101,4,A121,1,A143,A152,2,A172,0,0,0
326,326,1,0,12,A34,A42,5801,0,6,2,A101,4,A122,1,A143,A151,1,A173,0,1,1
327,327,1,0,24,A32,A40,1525,4,5,4,A101,3,A123,1,A143,A152,1,A173,1,1,1
328,328,1,3,36,A32,A43,4473,1,6,4,A101,2,A123,1,A143,A152,1,A173,0,0,1
329,329,1,2,6,A32,A43,1068,1,6,4,A101,4,A123,1,A143,A152,1,A173,1,0,1
330,330,1,1,24,A34,A41,6615,1,0,2,A101,4,A124,1,A143,A153,2,A174,0,1,1
331,331,0,0,18,A34,A46,1864,2,4,4,A101,2,A121,1,A143,A152,2,A173,0,0,1
332,332,0,2,60,A32,A40,7408,2,1,4,A101,2,A122,0,A143,A152,1,A174,0,0,1
333,333,0,0,48,A34,A41,11590,2,4,2,A101,4,A123,0,A141,A151,2,A172,0,0,1
334,334,0,1,24,A30,A42,4110,1,6,3,A101,4,A124,0,A141,A151,2,A173,1,0,1
335,335,0,1,6,A34,A42,3384,1,4,1,A101,4,A121,1,A143,A151,1,A174,0,1,1
336,336,1,2,13,A32,A43,2101,1,1,2,A103,4,A122,0,A143,A152,1,A172,0,0,1
337,337,0,1,15,A32,A44,1275,0,4,4,A101,2,A123,0,A143,A151,1,A173,0,0,1
338,338,1,1,24,A32,A42,4169,1,4,4,A101,4,A122,1,A143,A152,1,A173,0,0,1
339,339,1,2,10,A32,A42,1521,1,4,4,A101,2,A123,1,A143,A152,1,A172,0,0,1
340,340,1,2,24,A34,A46,5743,1,1,2,A101,4,A124,0,A143,A153,2,A173,0,1,1
341,341,1,1,21,A32,A42,3599,1,5,1,A101,4,A123,1,A143,A151,1,A172,0,0,1
342,342,1,2,18,A32,A43,3213,3,1,1,A101,3,A121,1,A143,A151,1,A173,0,0,1
343,343,1,2,18,A32,A49,4439,1,6,1,A102,1,A121,1,A141,A152,1,A174,0,1,1
344,344,1,3,10,A32,A40,3949,1,1,1,A103,1,A122,1,A143,A152,1,A172,1,0,1
345,345,1,0,15,A34,A43,1459,1,4,4,A101,2,A123,1,A143,A152,1,A172,0,0,1
346,346,1,2,13,A34,A43,882,1,1,4,A103,4,A121,0,A143,A152,2,A173,0,0,1
347,347,1,2,24,A32,A43,3758,3,0,1,A101,4,A124,0,A143,A151,1,A171,0,0,1
348,348,1,0,6,A33,A49,1743,2,4,1,A101,2,A121,1,A143,A152,2,A172,0,0,1
349,349,0,2,9,A34,A46,1136,4,6,4,A101,3,A124,1,A143,A153,2,A173,1,0,1
350,350,1,0,9,A32,A44,1236,1,1,1,A101,4,A121,0,A143,A151,1,A173,0,1,1
351,351,0,2,9,A32,A42,959,1,4,1,A101,2,A123,1,A143,A152,1,A173,0,0,0
352,352,1,0,18,A34,A41,3229,0,0,2,A101,4,A124,1,A143,A152,1,A174,0,1,1
353,353,0,1,12,A30,A43,6199,1,4,4,A101,2,A122,1,A143,A151,2,A173,0,1,1
354,354,1,0,10,A32,A46,727,3,6,4,A101,4,A124,1,A143,A153,1,A173,0,1,1
355,355,0,2,24,A32,A40,1246,1,1,4,A101,2,A121,0,A142,A152,1,A172,0,0,1
356,356,1,0,12,A34,A43,2331,0,6,1,A102,4,A121,1,A143,A152,1,A173,0,1,1
357,357,0,0,36,A33,A43,4463,1,4,4,A101,2,A123,1,A143,A152,2,A174,0,1,1
358,358,1,0,12,A32,A43,776,1,4,4,A101,2,A121,1,A143,A152,1,A173,0,0,1
359,359,0,1,30,A32,A42,2406,1,5,4,A101,4,A121,0,A143,A151,1,A173,0,0,1
360,360,1,2,18,A32,A46,1239,0,4,4,A101,4,A124,1,A143,A153,1,A173,0,0,1
361,361,1,3,12,A32,A43,3399,0,6,2,A101,3,A123,1,A143,A152,1,A174,0,0,1
362,362,1,3,12,A33,A40,2247,1,4,2,A101,2,A123,1,A142,A152,2,A173,0,1,1
363,363,1,0,6,A32,A42,1766,1,4,1,A101,2,A122,0,A143,A151,1,A173,0,0,1
364,364,0,1,18,A32,A42,2473,1,0,4,A101,1,A123,1,A143,A152,1,A171,0,0,1
365,365,1,0,12,A32,A49,1542,1,5,2,A101,4,A123,1,A143,A152,1,A173,0,1,1
366,366,1,0,18,A34,A41,3850,1,5,3,A101,1,A123,1,A143,A152,2,A173,0,0,1
367,367,1,1,18,A32,A42,3650,1,1,1,A101,4,A123,0,A143,A151,1,A173,0,0,1
368,368,0,1,36,A32,A42,3446,1,6,4,A101,2,A123,1,A143,A152,1,A173,1,0,1
369,369,1,2,18,A32,A42,3001,1,5,2,A101,4,A121,1,A143,A151,1,A173,0,0,1
370,370,1,0,36,A32,A40,3079,0,4,4,A101,4,A121,1,A143,A152,1,A173,0,0,1
371,371,1,0,18,A34,A43,6070,1,6,3,A101,4,A123,1,A143,A152,2,A173,0,1,1
372,372,1,0,10,A34,A42,2146,1,1,1,A101,3,A121,0,A143,A151,2,A173,0,0,1
373,373,1,0,60,A34,A40,13756,0,6,2,A101,4,A124,1,A141,A153,1,A174,0,1,1
374,374,0,2,60,A31,A410,14782,2,6,3,A101,4,A124,1,A141,A153,2,A174,0,1,1
375,375,0,1,48,A31,A49,7685,1,5,2,A103,4,A123,1,A143,A151,1,A173,0,0,1
376,376,1,0,18,A33,A43,2320,1,0,2,A101,3,A121,1,A143,A152,2,A173,0,0,1
377,377,1,0,7,A33,A43,846,0,6,3,A101,4,A124,1,A143,A153,1,A173,0,0,1
378,378,0,2,36,A32,A40,14318,1,6,4,A101,2,A124,1,A143,A153,1,A174,0,1,1
379,379,1,0,6,A34,A40,362,2,4,4,A101,4,A123,1,A143,A152,2,A172,0,0,1
380,380,1,1,20,A32,A42,2212,0,5,4,A101,4,A123,1,A143,A152,1,A173,0,1,1
381,381,0,2,18,A32,A41,12976,1,0,3,A101,4,A124,1,A143,A153,1,A174,0,1,1
382,382,1,0,22,A32,A40,1283,0,5,4,A101,4,A122,1,A143,A151,1,A173,0,0,1
383,383,1,3,12,A32,A40,1330,1,1,4,A101,1,A121,1,A143,A152,1,A173,0,0,1
384,384,1,0,30,A33,A49,4272,2,4,2,A101,2,A122,1,A143,A152,2,A172,0,0,1
385,385,1,0,18,A34,A43,2238,1,4,2,A101,1,A123,1,A143,A152,2,A173,0,0,1
386,386,1,0,18,A32,A43,1126,0,1,4,A101,2,A121,0,A143,A151,1,A173,0,1,1
387,387,1,2,18,A34,A42,7374,1,0,4,A101,4,A122,1,A142,A152,2,A174,0,1,1
388,388,1,2,15,A34,A49,2326,3,4,2,A101,4,A123,1,A141,A152,1,A173,0,0,1
389,389,1,0,9,A32,A49,1449,1,5,3,A101,2,A123,1,A143,A152,2,A173,0,0,1
390,390,1,0,18,A32,A40,1820,1,4,2,A101,2,A122,1,A143,A152,1,A174,0,1,1
391,391,1,2,12,A32,A42,983,4,1,1,A101,4,A121,0,A143,A151,1,A172,0,0,1
392,392,1,1,36,A32,A40,3249,1,5,2,A101,4,A124,1,A141,A153,1,A174,1,1,1
393,393,1,1,6,A34,A43,1957,1,5,1,A101,4,A123,1,A143,A152,1,A173,0,0,1
394,394,1,0,9,A34,A42,2406,1,0,2,A101,3,A123,1,A143,A152,1,A174,0,0,1
395,395,1,2,39,A33,A46,11760,2,5,2,A101,3,A124,1,A143,A151,1,A173,0,1,1
396,396,1,1,12,A32,A42,2578,1,0,3,A101,4,A124,1,A143,A153,1,A174,0,0,1
397,397,1,1,36,A34,A42,2348,1,4,3,A101,2,A122,1,A143,A152,2,A173,0,1,1
398,398,0,2,12,A32,A40,1223,1,6,1,A101,1,A121,1,A143,A151,2,A173,0,0,1
399,399,1,0,24,A34,A43,1516,4,4,4,A101,1,A121,1,A143,A152,2,A172,0,0,1
400,400,1,0,18,A32,A43,1473,1,1,3,A101,4,A121,1,A143,A152,1,A173,0,1,1
401,401,1,2,18,A34,A49,1887,0,4,4,A101,4,A121,1,A141,A152,2,A173,0,0,1
402,402,0,0,24,A33,A49,8648,1,1,2,A101,2,A123,1,A141,A152,2,A173,0,1,1
403,403,1,0,14,A33,A40,802,1,4,4,A101,2,A123,1,A143,A152,2,A172,0,0,1
404,404,1,2,18,A33,A40,2899,0,6,4,A101,4,A123,1,A143,A152,1,A173,1,0,1
405,405,0,2,24,A32,A43,2039,1,1,1,A101,1,A122,0,A143,A152,1,A173,0,1,1
406,406,1,0,24,A34,A41,2197,0,5,4,A101,4,A123,1,A143,A152,2,A173,1,1,1
407,407,1,1,15,A32,A43,1053,1,1,4,A101,2,A121,1,A143,A152,1,A173,0,0,0
408,408,1,0,24,A32,A43,3235,3,6,3,A101,2,A123,1,A143,A152,1,A174,0,1,1
409,409,0,3,12,A34,A40,939,3,5,4,A101,2,A121,1,A143,A152,3,A173,0,1,1
410,410,1,2,24,A32,A43,1967,1,6,4,A101,4,A123,0,A143,A152,1,A173,0,1,1
411,411,1,0,33,A34,A41,7253,1,5,3,A101,2,A123,1,A143,A152,2,A174,0,1,1
412,412,0,0,12,A34,A49,2292,1,0,4,A101,2,A123,1,A142,A152,2,A174,0,1,1
413,413,1,0,10,A32,A40,1597,3,4,3,A101,2,A124,1,A143,A151,1,A172,1,0,0
414,414,0,1,24,A32,A40,1381,0,4,4,A101,2,A122,1,A143,A152,1,A173,0,0,1
415,415,1,0,36,A34,A41,5842,1,6,2,A101,2,A122,1,A143,A152,2,A173,1,1,1
416,416,0,1,12,A32,A40,2579,1,1,4,A101,1,A121,1,A143,A152,1,A172,1,0,1
417,417,1,1,18,A33,A46,8471,0,4,1,A101,2,A123,0,A143,A151,2,A173,0,1,1
418,418,1,0,21,A32,A40,2782,3,5,1,A101,2,A123,1,A141,A152,1,A174,0,0,1
419,419,0,2,18,A32,A40,1042,0,4,4,A101,2,A122,1,A143,A152,1,A173,0,0,1
420,420,1,0,15,A32,A40,3186,4,5,2,A101,3,A123,0,A143,A151,1,A173,0,0,1
421,421,1,2,12,A32,A41,2028,0,4,4,A101,2,A123,1,A143,A152,1,A173,0,0,1
422,422,1,2,12,A34,A40,958,1,5,2,A101,3,A121,1,A143,A152,2,A172,1,0,1
423,423,1,0,21,A33,A42,1591,2,5,4,A101,3,A121,1,A143,A152,2,A174,0,0,1
424,424,0,2,12,A32,A42,2762,0,6,1,A101,2,A122,1,A141,A152,1,A173,0,1,1
425,425,1,2,18,A32,A41,2779,1,4,1,A101,3,A123,0,A143,A151,1,A173,0,1,1
426,426,1,0,28,A34,A43,2743,1,6,4,A101,2,A123,1,A143,A152,2,A173,0,0,1
427,427,1,0,18,A34,A43,1149,4,4,4,A101,3,A121,1,A143,A152,2,A173,0,0,1
428,428,1,0,9,A32,A42,1313,1,6,1,A101,4,A123,0,A143,A152,1,A173,0,0,1
429,429,0,1,18,A34,A45,1190,1,0,2,A101,4,A124,1,A143,A153,3,A171,1,0,1
430,430,1,0,5,A32,A49,3448,1,5,1,A101,4,A121,1,A143,A152,1,A172,0,0,1
431,431,0,2,24,A32,A410,11328,1,4,2,A102,3,A123,1,A141,A152,2,A174,0,1,1
432,432,1,1,6,A34,A42,1872,1,0,4,A101,4,A124,1,A143,A153,3,A174,0,1,1
433,433,1,0,24,A34,A45,2058,1,4,4,A101,2,A121,1,A143,A152,2,A173,0,1,1
434,434,1,1,9,A32,A42,2136,1,4,3,A101,2,A121,1,A143,A152,1,A173,0,0,1
435,435,0,2,12,A32,A43,1484,0,4,2,A101,1,A121,1,A143,A152,1,A173,0,1,1
436,436,1,0,6,A32,A45,660,3,5,2,A101,4,A121,0,A143,A151,1,A172,0,0,1
437,437,1,0,24,A34,A40,1287,4,6,4,A101,4,A121,1,A143,A152,2,A173,0,1,1
438,438,1,1,42,A34,A45,3394,1,0,4,A102,4,A123,1,A143,A152,2,A171,0,0,1
439,439,0,3,12,A31,A49,609,1,1,4,A101,1,A121,1,A143,A152,1,A171,0,0,1
440,440,1,0,12,A32,A40,1884,1,6,4,A101,4,A123,1,A143,A152,1,A174,0,1,1
441,441,1,1,12,A32,A42,1620,1,4,2,A102,3,A122,1,A143,A152,1,A173,0,0,1
442,442,1,2,20,A33,A410,2629,1,4,2,A101,3,A123,1,A141,A152,2,A173,0,1,1
443,443,0,0,12,A32,A46,719,1,6,4,A101,4,A123,1,A141,A152,1,A172,1,0,1
444,444,0,2,48,A34,A42,5096,1,4,2,A101,3,A123,1,A143,A152,1,A174,0,1,1
445,445,1,0,9,A34,A46,1244,0,6,4,A101,4,A122,1,A143,A151,2,A172,0,0,1
446,446,0,1,36,A32,A40,1842,1,1,4,A101,4,A123,1,A143,A152,1,A173,0,1,1
447,447,1,2,7,A32,A43,2576,1,4,2,A103,2,A121,1,A143,A152,1,A173,0,0,1
448,448,1,3,12,A32,A42,1424,0,6,3,A101,4,A121,1,A143,A152,1,A174,0,1,1
449,449,0,2,15,A33,A45,1512,4,4,3,A101,3,A122,1,A142,A152,2,A173,0,0,1
450,450,1,0,36,A34,A41,11054,0,4,4,A101,2,A123,1,A143,A152,1,A174,0,1,1
451,451,1,0,6,A32,A43,518,1,4,3,A101,1,A121,1,A143,A152,1,A173,0,0,1
452,452,1,0,12,A30,A42,2759,1,6,2,A101,4,A122,1,A143,A152,2,A173,0,0,1
453,453,1,0,24,A32,A41,2670,1,6,4,A101,4,A123,1,A143,A152,1,A174,0,1,1
454,454,0,1,24,A32,A40,4817,1,5,2,A102,3,A122,1,A143,A152,1,A173,0,1,1
455,455,1,0,24,A32,A41,2679,1,1,4,A101,1,A124,1,A143,A152,1,A174,0,1,1
456,456,1,1,11,A34,A40,3905,1,4,2,A101,2,A121,1,A143,A151,2,A173,1,0,1
457,457,0,1,12,A32,A41,3386,1,6,3,A101,4,A124,1,A143,A153,1,A173,0,1,1
458,458,1,1,6,A32,A44,343,1,1,4,A101,1,A121,1,A143,A152,1,A173,0,0,1
459,459,1,0,18,A32,A43,4594,1,1,3,A101,2,A123,1,A143,A152,1,A173,0,1,1
460,460,1,1,36,A32,A42,3620,1,4,1,A103,2,A122,1,A143,A152,1,A173,1,0,1
461,461,1,1,15,A32,A40,1721,1,1,2,A101,3,A121,1,A143,A152,1,A173,0,0,1
462,462,1,2,12,A32,A42,3017,1,1,3,A101,1,A121,1,A143,A151,1,A174,0,0,1
463,463,1,2,12,A32,A48,754,0,6,4,A101,4,A122,1,A143,A152,2,A173,0,0,1
464,464,1,0,18,A32,A49,1950,1,5,4,A101,1,A123,1,A142,A152,2,A173,0,1,1
465,465,1,1,24,A32,A41,2924,1,4,3,A103,4,A124,1,A141,A152,1,A173,1,1,1
466,466,0,1,24,A33,A43,1659,1,1,4,A101,2,A123,1,A143,A151,1,A172,0,1,1
467,467,1,0,48,A33,A43,7238,0,6,3,A101,3,A123,1,A141,A152,2,A173,1,0,1
468,468,1,0,33,A33,A49,2764,1,4,2,A101,2,A123,1,A143,A152,2,A173,0,1,1
469,469,1,0,24,A33,A41,4679,1,5,3,A101,3,A123,1,A143,A152,2,A172,0,1,1
470,470,0,2,24,A32,A43,3092,2,1,3,A101,2,A123,0,A143,A151,1,A173,0,1,1
471,471,0,1,6,A32,A46,448,1,1,4,A101,4,A122,0,A143,A152,1,A173,0,0,1
472,472,0,1,9,A32,A40,654,1,4,4,A101,3,A123,1,A143,A152,1,A172,0,0,1
473,473,1,0,6,A32,A48,1238,0,0,4,A101,4,A122,1,A143,A152,1,A174,1,1,1
474,474,0,2,18,A34,A43,1245,1,4,4,A101,2,A123,1,A143,A152,1,A173,0,0,1
475,475,0,1,18,A30,A42,3114,1,1,1,A101,4,A122,1,A143,A151,1,A173,0,0,1
476,476,1,0,39,A32,A41,2569,3,4,4,A101,4,A123,0,A143,A152,1,A173,0,0,1
477,477,1,3,24,A32,A43,5152,1,5,4,A101,2,A123,1,A141,A152,1,A173,0,0,1
478,478,1,2,12,A32,A49,1037,2,5,3,A101,4,A121,1,A143,A152,1,A172,0,0,1
479,479,1,1,15,A34,A42,1478,1,6,4,A101,4,A123,1,A143,A152,2,A173,1,1,1
480,480,1,2,12,A34,A43,3573,1,4,1,A101,1,A121,0,A143,A152,1,A172,0,0,1
481,481,1,2,24,A32,A40,1201,1,1,4,A101,1,A122,1,A143,A152,1,A173,0,0,1
482,482,1,1,30,A32,A42,3622,4,6,4,A101,4,A122,1,A143,A151,2,A173,0,1,1
483,483,1,0,15,A33,A42,960,4,5,3,A101,2,A122,1,A143,A152,2,A173,0,0,1
484,484,1,0,12,A34,A40,1163,3,4,4,A101,4,A121,1,A143,A152,1,A173,0,1,1
485,485,0,2,6,A33,A40,1209,1,0,4,A101,4,A122,1,A143,A152,1,A174,0,1,1
486,486,1,0,12,A32,A43,3077,1,4,2,A101,4,A123,1,A143,A152,1,A173,0,1,1
487,487,1,0,24,A32,A40,3757,1,6,4,A102,4,A124,1,A143,A153,1,A173,0,1,1
488,488,1,0,10,A32,A40,1418,2,4,3,A101,2,A121,1,A143,A151,1,A172,0,0,0
489,489,1,0,6,A32,A40,3518,1,4,2,A103,3,A122,1,A143,A151,1,A173,0,0,1
490,490,1,0,12,A34,A43,1934,1,6,2,A101,2,A124,1,A143,A152,2,A173,0,0,1
491,491,0,2,27,A30,A49,8318,1,6,2,A101,4,A124,1,A143,A153,2,A174,0,1,1
492,492,1,0,6,A34,A43,1237,2,4,1,A101,1,A122,1,A143,A152,2,A173,0,0,1
493,493,1,2,6,A32,A43,368,0,6,4,A101,4,A122,1,A143,A152,1,A173,0,0,1
494,494,1,1,12,A34,A40,2122,1,4,3,A101,2,A121,1,A143,A151,2,A172,1,0,0
495,495,0,1,24,A32,A42,2996,0,4,2,A101,4,A123,0,A143,A152,1,A173,0,0,1
496,496,0,2,36,A32,A42,9034,2,1,4,A102,1,A124,1,A143,A151,1,A174,0,1,1
497,497,1,0,24,A34,A42,1585,1,5,4,A101,3,A122,1,A143,A152,2,A173,0,0,1
498,498,1,2,18,A32,A43,1301,1,6,4,A103,2,A121,1,A143,A152,1,A172,0,0,1
499,499,1,3,6,A34,A40,1323,2,6,2,A101,4,A123,1,A143,A152,2,A173,1,1,1
500,500,0,1,24,A32,A40,3123,1,1,4,A101,1,A122,1,A143,A152,1,A173,0,0,1
501,501,1,1,36,A32,A41,5493,1,6,2,A101,4,A124,1,A143,A153,1,A173,1,0,1
502,502,1,3,9,A32,A43,1126,2,6,2,A101,4,A121,1,A143,A152,1,A173,0,0,1
503,503,0,2,24,A34,A43,1216,2,1,4,A101,4,A124,1,A141,A152,2,A173,1,0,1
504,504,0,1,24,A32,A40,1207,1,1,4,A101,4,A122,0,A143,A151,1,A173,0,0,1
505,505,0,0,10,A32,A40,1309,0,4,4,A103,4,A122,1,A143,A152,1,A172,0,0,1
506,506,1,3,15,A34,A41,2360,3,4,2,A101,2,A123,1,A143,A152,1,A173,0,1,1
507,507,0,2,15,A31,A40,6850,2,0,1,A101,2,A122,1,A143,A152,1,A174,1,1,1
508,508,1,0,24,A32,A43,1413,1,4,4,A101,2,A122,1,A143,A152,1,A173,0,0,1
509,509,1,0,39,A32,A41,8588,2,6,4,A101,2,A123,1,A143,A152,1,A174,0,1,1
510,510,0,1,12,A32,A40,759,1,5,4,A101,2,A121,1,A143,A152,1,A173,0,0,1
511,511,1,0,36,A32,A41,4686,1,4,2,A101,2,A124,1,A143,A153,1,A174,0,1,1
512,512,1,3,15,A32,A49,2687,1,5,2,A101,4,A122,1,A143,A151,1,A173,0,1,1
513,513,1,2,12,A33,A43,585,1,4,4,A102,4,A121,0,A143,A151,2,A173,0,0,1
514,514,1,0,24,A32,A40,2255,0,1,4,A101,1,A122,1,A143,A152,1,A173,0,0,1
515,515,1,1,6,A34,A40,609,1,5,4,A101,3,A122,1,A143,A152,2,A173,0,0,0
516,516,1,1,6,A34,A40,1361,1,1,2,A101,4,A121,1,A143,A152,1,A172,1,0,0
517,517,0,0,36,A34,A42,7127,1,1,2,A101,4,A122,0,A143,A151,2,A173,0,1,1
518,518,1,1,6,A32,A40,1203,2,6,3,A101,2,A122,1,A143,A152,1,A173,0,1,1
519,519,1,0,6,A34,A43,700,0,6,4,A101,4,A124,1,A143,A153,2,A173,0,0,1
520,520,1,0,24,A34,A45,5507,1,6,3,A101,4,A124,1,A143,A153,2,A173,0,0,1
521,521,0,1,18,A32,A43,3190,1,4,2,A101,2,A121,0,A143,A152,1,A173,0,0,1
522,522,0,1,48,A30,A42,7119,1,4,3,A101,4,A124,1,A143,A153,2,A173,1,0,1
523,523,1,0,24,A32,A41,3488,2,5,3,A101,4,A123,0,A143,A152,1,A173,0,0,1
524,524,1,2,18,A32,A43,1113,1,4,4,A103,4,A121,1,A143,A152,1,A172,1,0,1
525,525,1,2,26,A32,A41,7966,1,1,2,A101,3,A123,1,A143,A152,2,A173,0,0,1
526,526,1,0,15,A34,A46,1532,2,4,4,A101,3,A123,1,A143,A152,1,A173,0,0,1
527,527,1,0,4,A34,A43,1503,1,5,2,A101,1,A121,1,A143,A152,2,A172,1,0,1
528,528,0,1,36,A32,A43,2302,1,4,4,A101,4,A123,1,A143,A151,1,A173,0,0,1
529,529,1,1,6,A32,A40,662,1,1,3,A101,4,A121,1,A143,A152,1,A172,1,1,1
530,530,1,2,36,A32,A46,2273,1,5,3,A101,1,A123,1,A143,A152,2,A173,1,0,1
531,531,0,2,15,A32,A40,2631,2,4,2,A101,4,A123,1,A143,A151,2,A173,0,1,1
532,532,1,0,12,A33,A41,1503,1,4,4,A101,4,A121,1,A143,A151,1,A173,0,0,1
533,533,1,0,24,A32,A43,1311,2,5,4,A101,3,A122,1,A143,A152,1,A173,0,1,1
534,534,1,0,24,A32,A43,3105,0,1,4,A101,2,A123,1,A143,A152,2,A173,0,0,1
535,535,0,3,21,A34,A46,2319,1,1,2,A101,1,A123,1,A143,A151,1,A173,0,0,1
536,536,1,1,6,A32,A40,1374,0,0,4,A101,3,A122,1,A143,A152,1,A174,0,1,1
537,537,1,2,18,A34,A42,3612,1,6,3,A101,4,A122,1,A143,A152,1,A173,0,1,1
538,538,0,1,48,A32,A40,7763,1,6,4,A101,4,A124,1,A141,A153,1,A174,0,0,1
539,539,1,3,18,A32,A42,3049,1,1,1,A101,1,A122,1,A142,A152,1,A172,0,0,1
540,540,0,2,12,A32,A43,1534,1,1,1,A101,1,A121,0,A143,A151,1,A173,0,0,1
541,541,1,0,24,A33,A40,2032,1,6,4,A101,4,A124,1,A143,A153,2,A173,0,1,1
542,542,0,1,30,A32,A42,6350,0,6,4,A101,4,A122,1,A143,A152,1,A173,0,0,1
543,543,0,3,18,A32,A42,2864,1,4,2,A101,1,A121,1,A143,A152,1,A172,1,0,1
544,544,1,0,12,A34,A40,1255,1,6,4,A101,4,A121,1,A143,A152,2,A172,0,0,1
545,545,0,1,24,A33,A40,1333,1,0,4,A101,2,A121,1,A143,A153,2,A173,1,0,1
546,546,1,0,24,A34,A40,2022,1,4,4,A101,4,A123,1,A143,A152,1,A173,0,1,1
547,547,1,0,24,A32,A43,1552,1,5,3,A101,1,A123,1,A141,A152,1,A173,1,0,1
548,548,0,1,12,A31,A43,626,1,4,4,A101,4,A121,0,A141,A152,1,A172,0,0,1
549,549,1,0,48,A34,A41,8858,0,5,2,A101,1,A124,1,A143,A153,2,A173,0,1,1
550,550,1,0,12,A34,A45,996,0,5,4,A101,4,A121,0,A143,A152,2,A173,0,0,1
551,551,1,0,6,A31,A43,1750,3,6,2,A101,4,A122,1,A141,A152,1,A172,1,0,1
552,552,0,1,48,A32,A43,6999,1,5,1,A103,1,A121,1,A143,A152,2,A173,0,1,1
553,553,1,2,12,A34,A40,1995,2,1,4,A101,1,A123,1,A143,A152,1,A173,0,0,1
554,554,1,2,9,A32,A46,1199,1,5,4,A101,4,A122,1,A143,A152,2,A174,0,1,1
555,555,0,2,12,A32,A43,1331,1,1,2,A101,1,A123,0,A142,A152,1,A173,0,0,1
556,556,0,2,18,A30,A40,2278,2,1,3,A101,3,A123,1,A143,A152,2,A173,0,0,1
557,557,0,0,21,A30,A40,5003,0,4,1,A101,4,A122,1,A141,A152,2,A173,0,1,1
558,558,0,1,24,A31,A42,3552,1,5,3,A101,4,A123,1,A141,A152,1,A173,0,0,1
559,559,0,2,18,A34,A42,1928,1,1,2,A101,2,A121,1,A143,A152,2,A172,0,0,1
560,560,1,1,24,A32,A41,2964,0,6,4,A101,4,A124,1,A141,A153,1,A173,1,1,1
561,561,0,1,24,A31,A43,1546,1,5,4,A103,4,A123,0,A141,A151,1,A172,0,0,1
562,562,1,3,6,A33,A43,683,1,1,2,A101,1,A122,1,A141,A152,1,A173,0,0,1
563,563,0,2,36,A32,A40,12389,0,4,1,A101,4,A124,1,A143,A153,1,A173,0,1,1
564,564,1,2,24,A33,A49,4712,0,4,4,A101,2,A122,1,A141,A152,2,A174,0,1,1
565,565,1,2,24,A33,A43,1553,2,5,3,A101,2,A122,0,A143,A151,2,A173,0,1,1
566,566,0,1,12,A32,A40,1372,1,5,2,A101,3,A123,1,A143,A152,1,A173,0,0,1
567,567,1,0,24,A34,A43,2578,4,6,2,A101,2,A123,1,A143,A152,1,A173,0,0,1
568,568,1,2,48,A32,A43,3979,0,5,4,A101,1,A123,1,A143,A152,2,A173,1,1,1
569,569,0,1,48,A32,A43,6758,1,4,3,A101,2,A123,1,A143,A152,1,A173,0,1,1
570,570,0,1,24,A32,A42,3234,1,1,4,A101,4,A121,0,A143,A151,1,A172,0,1,1
571,571,1,0,30,A34,A43,5954,1,5,3,A102,2,A123,1,A143,A152,1,A173,0,0,1
572,572,1,0,24,A32,A41,5433,0,0,2,A101,4,A122,1,A143,A151,1,A174,0,1,1
573,573,1,1,15,A32,A49,806,1,4,4,A101,4,A122,0,A143,A152,1,A172,0,0,1
574,574,1,2,9,A32,A43,1082,1,6,4,A101,4,A123,1,A143,A152,2,A172,0,0,1
575,575,1,0,15,A34,A42,2788,1,5,2,A102,3,A123,0,A141,A152,2,A173,0,0,1
576,576,1,2,12,A32,A43,2930,1,5,2,A101,1,A121,1,A143,A152,1,A173,0,0,1
577,577,1,0,24,A34,A46,1927,0,4,3,A101,2,A123,1,A143,A152,2,A173,0,1,1
578,578,0,2,36,A34,A40,2820,1,1,4,A101,4,A123,1,A143,A152,2,A173,0,0,1
579,579,1,0,24,A32,A48,937,1,1,4,A101,3,A123,1,A143,A152,2,A172,0,0,1
580,580,0,2,18,A34,A40,1056,1,6,3,A103,3,A121,1,A141,A152,2,A173,0,0,1
581,581,1,2,12,A34,A40,3124,1,1,1,A101,3,A121,1,A141,A152,2,A172,1,0,1
582,582,1,0,9,A32,A42,1388,1,4,4,A101,2,A121,1,A143,A151,1,A173,0,0,1
583,583,0,2,36,A32,A45,2384,1,1,4,A101,1,A124,1,A143,A151,1,A172,0,0,1
584,584,1,0,12,A32,A40,2133,0,6,4,A101,4,A124,1,A143,A153,1,A174,0,1,1
585,585,0,1,18,A32,A42,2039,1,4,1,A101,4,A121,0,A141,A151,1,A173,0,0,1
586,586,1,1,9,A34,A40,2799,1,4,2,A101,2,A121,1,A143,A151,2,A173,1,0,1
587,587,1,1,12,A32,A42,1289,1,4,4,A103,1,A122,0,A143,A152,1,A172,0,0,1
588,588,0,1,18,A32,A44,1217,1,4,4,A101,3,A121,1,A143,A152,1,A172,0,1,1
589,589,0,1,12,A34,A42,2246,1,6,3,A101,3,A122,1,A143,A152,2,A173,0,0,1
590,590,1,1,12,A34,A43,385,1,5,4,A101,3,A121,1,A143,A152,4,A172,0,1,1
591,591,1,2,24,A33,A40,1965,0,4,4,A101,4,A123,1,A143,A151,2,A173,0,1,1
592,592,1,0,21,A32,A49,1572,4,6,4,A101,4,A121,1,A141,A152,1,A172,0,0,1
593,593,0,2,24,A32,A40,2718,1,4,3,A101,4,A122,0,A143,A151,1,A172,0,1,1
594,594,0,1,24,A31,A410,1358,0,6,4,A101,3,A123,1,A142,A152,1,A174,0,1,1
595,595,0,2,6,A31,A40,931,2,1,1,A101,1,A122,1,A142,A152,1,A172,0,0,1
596,596,0,1,24,A32,A40,1442,1,5,4,A101,4,A123,0,A143,A151,2,A173,0,0,1
597,597,0,2,24,A30,A49,4241,1,4,1,A101,4,A121,1,A143,A152,3,A172,0,1,1
598,598,0,0,18,A34,A40,2775,1,5,2,A101,2,A122,1,A141,A152,2,A173,0,0,1
599,599,1,0,24,A33,A49,3863,1,4,1,A101,2,A124,1,A143,A153,1,A173,0,0,1
600,600,1,2,7,A32,A43,2329,1,1,1,A103,1,A121,1,A143,A152,1,A173,0,0,1
601,601,0,2,9,A32,A42,918,1,4,4,A101,1,A122,1,A143,A152,1,A173,0,0,1
602,602,0,2,24,A31,A46,1837,1,5,4,A101,4,A124,1,A141,A153,1,A172,0,0,1
603,603,0,0,36,A32,A42,3349,1,4,4,A101,2,A123,1,A143,A152,1,A174,0,1,1
604,604,1,3,10,A32,A42,1275,1,1,4,A101,2,A122,0,A143,A152,1,A173,0,0,1
605,605,1,1,24,A31,A42,2828,3,4,4,A101,4,A121,0,A142,A152,1,A173,0,1,1
606,606,1,0,24,A34,A49,4526,1,4,3,A101,2,A121,1,A143,A152,1,A174,0,1,1
607,607,0,2,36,A32,A43,2671,2,4,4,A102,4,A124,1,A143,A153,1,A173,0,0,1
608,608,1,0,18,A32,A43,2051,1,1,4,A101,1,A121,1,A143,A152,1,A173,0,0,1
609,609,1,0,15,A32,A41,1300,0,6,4,A101,4,A124,1,A141,A153,1,A173,1,0,1
610,610,0,1,12,A32,A44,741,2,0,4,A101,3,A122,0,A143,A152,1,A173,0,0,1
611,611,0,3,10,A32,A40,1240,2,6,1,A101,4,A124,1,A143,A153,1,A172,1,0,1
612,612,1,1,21,A32,A43,3357,4,1,4,A101,2,A123,1,A141,A152,1,A173,0,0,1
613,613,1,1,24,A31,A41,3632,1,4,1,A103,4,A123,0,A141,A151,1,A173,0,0,0
614,614,0,0,18,A33,A42,1808,1,5,4,A101,1,A121,0,A143,A152,1,A173,0,0,1
615,615,1,2,48,A30,A49,12204,0,4,2,A101,2,A123,1,A141,A152,1,A174,0,1,1
616,616,1,2,60,A33,A43,9157,0,4,2,A101,2,A124,1,A143,A153,1,A174,0,0,1
617,617,1,1,6,A34,A40,3676,1,4,1,A101,3,A121,1,A143,A151,3,A173,1,0,1
618,618,0,2,30,A32,A42,3441,2,4,2,A102,4,A123,0,A143,A151,1,A173,0,0,1
619,619,1,0,12,A32,A40,640,1,4,4,A101,2,A121,1,A143,A152,1,A172,0,0,1
620,620,1,2,21,A34,A49,3652,1,5,2,A101,3,A122,1,A143,A152,2,A173,0,0,1
621,621,0,0,18,A34,A40,1530,1,4,3,A101,2,A122,1,A141,A152,2,A173,0,0,1
622,622,0,0,48,A32,A49,3914,0,4,4,A101,2,A121,1,A141,A152,1,A173,0,0,1
623,623,1,1,12,A32,A42,1858,1,1,4,A101,1,A123,0,A143,A151,1,A173,0,0,1
624,624,0,1,18,A32,A43,2600,1,4,4,A101,4,A124,1,A143,A153,2,A173,0,0,1
625,625,1,0,15,A32,A43,1979,0,6,4,A101,2,A123,1,A143,A152,1,A173,0,0,1
626,626,1,3,6,A32,A42,2116,1,4,2,A101,2,A121,1,A143,A152,1,A173,0,1,1
627,627,0,2,9,A31,A40,1437,2,5,2,A101,3,A124,1,A143,A152,1,A173,0,0,1
628,628,1,0,42,A34,A42,4042,3,4,4,A101,4,A121,1,A143,A152,2,A173,0,1,1
629,629,1,0,9,A32,A46,3832,0,6,1,A101,4,A121,1,A143,A152,1,A172,0,0,1
630,630,1,1,24,A32,A43,3660,1,4,2,A101,4,A123,1,A143,A152,1,A173,0,0,1
631,631,0,1,18,A31,A42,1553,1,4,4,A101,3,A123,1,A141,A152,1,A173,0,0,1
632,632,1,2,15,A32,A43,1444,0,1,4,A101,1,A122,0,A143,A152,1,A173,0,0,1
633,633,0,0,9,A32,A42,1980,1,1,2,A102,2,A123,0,A143,A151,2,A173,0,0,1
634,634,0,2,24,A32,A40,1355,1,1,3,A101,4,A123,1,A143,A152,1,A172,0,1,1
635,635,1,0,12,A32,A46,1393,1,6,4,A101,4,A122,1,A141,A152,3,A173,1,1,1
636,636,1,0,24,A32,A43,1376,3,5,4,A101,1,A123,1,A143,A152,1,A173,0,0,1
637,637,1,0,60,A33,A43,15653,1,5,2,A101,4,A123,0,A143,A152,2,A173,0,1,1
638,638,1,0,12,A32,A43,1493,1,1,4,A101,3,A123,1,A143,A152,1,A173,1,0,1
639,639,0,1,42,A33,A43,4370,1,5,3,A101,2,A122,1,A141,A152,2,A173,1,1,1
640,640,0,1,18,A32,A46,750,1,0,4,A101,1,A121,1,A143,A152,1,A171,0,0,1
641,641,1,2,15,A32,A45,1308,1,6,4,A101,4,A123,1,A143,A152,2,A172,0,0,1
642,642,0,0,15,A32,A46,4623,2,4,3,A101,2,A122,1,A143,A152,1,A174,0,1,1
643,643,1,0,24,A34,A43,1851,1,5,4,A103,2,A123,1,A143,A152,2,A173,0,1,1
644,644,1,1,18,A34,A43,1880,1,5,4,A101,1,A122,1,A143,A152,2,A174,0,1,1
645,645,0,0,36,A33,A49,7980,0,1,4,A101,4,A123,1,A143,A151,2,A173,0,1,1
646,646,1,1,30,A30,A42,4583,1,4,2,A103,2,A121,1,A143,A152,2,A173,0,0,1
647,647,0,0,12,A32,A40,1386,3,4,2,A101,2,A122,1,A143,A152,1,A173,0,0,1
648,648,0,3,24,A32,A40,947,1,5,4,A101,3,A124,1,A141,A153,1,A173,1,0,1
649,649,0,1,12,A32,A46,684,1,4,4,A101,4,A123,1,A143,A151,1,A172,1,0,1
650,650,1,1,48,A32,A46,7476,1,5,4,A101,1,A124,1,A143,A153,1,A174,0,1,1
651,651,0,2,12,A32,A42,1922,1,4,4,A101,2,A122,1,A143,A152,1,A172,0,0,1
652,652,0,1,24,A32,A40,2303,1,6,4,A102,1,A121,1,A143,A152,1,A173,0,0,1
653,653,0,2,36,A33,A40,8086,2,6,2,A101,4,A123,1,A143,A152,4,A174,0,1,1
654,654,1,0,24,A34,A41,2346,1,5,4,A101,3,A123,1,A143,A152,2,A173,0,1,1
655,655,1,1,14,A32,A40,3973,1,0,1,A101,4,A124,0,A143,A153,1,A173,0,0,1
656,656,0,2,12,A32,A40,888,1,6,4,A101,4,A123,1,A141,A152,1,A172,1,0,1
657,657,1,0,48,A32,A43,10222,0,5,4,A101,3,A123,1,A142,A152,1,A173,0,1,1
658,658,1,2,30,A30,A49,4221,1,4,2,A101,1,A123,1,A143,A152,2,A173,0,0,1
659,659,1,2,18,A34,A42,6361,1,6,2,A101,1,A124,1,A143,A152,1,A173,0,1,1
660,660,1,3,12,A32,A43,1297,1,4,3,A101,4,A121,0,A143,A151,1,A173,0,0,1
661,661,0,1,12,A32,A40,900,0,4,4,A101,2,A123,0,A143,A152,1,A173,0,0,1
662,662,1,0,21,A32,A42,2241,1,6,4,A101,2,A121,1,A143,A152,2,A173,0,0,1
663,663,1,2,6,A33,A42,1050,1,0,4,A101,1,A122,1,A142,A152,2,A174,0,1,1
664,664,1,3,6,A34,A46,1047,1,4,2,A101,4,A122,1,A143,A152,1,A172,0,0,1
665,665,1,0,24,A34,A410,6314,1,0,4,A102,2,A124,1,A141,A152,2,A174,0,1,1
666,666,1,2,30,A31,A42,3496,4,4,4,A101,2,A123,1,A142,A152,1,A173,1,1,1
667,667,1,0,48,A31,A49,3609,1,4,1,A101,1,A121,1,A142,A152,1,A173,0,0,1
668,668,0,1,12,A34,A40,4843,1,6,3,A102,4,A122,1,A143,A151,2,A173,0,1,1
669,669,1,3,30,A34,A43,3017,1,6,4,A101,4,A122,1,A143,A152,1,A173,0,0,1
670,670,1,0,24,A34,A49,4139,2,4,3,A101,3,A122,1,A143,A152,2,A172,0,1,1
671,671,1,0,36,A32,A49,5742,2,5,2,A101,2,A123,1,A143,A152,2,A173,0,1,1
672,672,1,0,60,A32,A40,10366,1,6,2,A101,4,A122,1,A143,A152,1,A174,0,1,1
673,673,1,0,6,A34,A40,2080,3,4,1,A101,2,A123,0,A143,A152,1,A173,0,0,1
674,674,0,0,21,A33,A49,2580,3,1,4,A101,2,A121,1,A141,A152,1,A172,1,0,1
675,675,1,0,30,A34,A43,4530,1,5,4,A101,4,A123,1,A143,A151,1,A174,0,1,1
676,676,1,0,24,A34,A42,5150,1,6,4,A101,4,A123,1,A143,A152,1,A173,0,1,1
677,677,0,2,72,A32,A43,5595,2,4,2,A101,2,A123,0,A143,A152,1,A173,0,0,1
678,678,1,1,24,A32,A43,2384,1,6,4,A101,4,A121,1,A141,A151,1,A172,0,0,1
679,679,1,0,18,A32,A43,1453,1,1,3,A101,1,A121,1,A143,A152,1,A173,0,0,1
680,680,1,0,6,A32,A46,1538,1,1,1,A101,2,A124,1,A143,A152,1,A173,0,0,1
681,681,1,0,12,A32,A43,2279,0,4,4,A101,4,A124,1,A143,A153,1,A173,0,1,1
682,682,1,0,15,A33,A43,1478,1,4,4,A101,3,A121,1,A141,A152,2,A173,0,0,1
683,683,1,0,24,A34,A43,5103,1,1,3,A101,3,A124,1,A143,A153,3,A173,0,1,1
684,684,1,2,36,A33,A49,9857,2,5,1,A101,3,A122,1,A143,A152,2,A172,1,1,1
685,685,1,0,60,A32,A40,6527,0,4,4,A101,4,A124,1,A143,A153,1,A173,1,1,1
686,686,1,3,10,A34,A43,1347,0,5,4,A101,2,A122,1,A143,A152,2,A173,0,1,1
687,687,1,2,36,A33,A40,2862,2,6,4,A101,3,A124,1,A143,A153,1,A173,0,0,1
688,688,1,0,9,A32,A43,2753,2,6,3,A102,4,A123,1,A143,A152,1,A173,0,1,1
689,689,1,1,12,A32,A40,3651,4,4,1,A101,3,A122,1,A143,A152,1,A173,1,0,1
690,690,1,1,15,A34,A42,975,1,4,2,A101,3,A122,1,A143,A152,2,A173,0,0,1
691,691,1,2,15,A32,A45,2631,2,4,3,A101,2,A121,1,A143,A152,1,A172,0,0,1
692,692,1,2,24,A32,A43,2896,2,1,2,A101,1,A123,1,A143,A152,1,A173,0,0,1
693,693,1,1,6,A34,A40,4716,0,1,1,A101,3,A121,1,A143,A152,2,A172,1,0,1
694,694,1,0,24,A32,A43,2284,1,5,4,A101,2,A123,1,A143,A152,1,A173,0,1,1
695,695,1,0,6,A32,A41,1236,3,4,2,A101,4,A122,1,A143,A151,1,A173,0,0,1
696,696,1,2,12,A32,A43,1103,1,5,4,A103,3,A121,1,A143,A152,2,A173,0,0,0
697,697,1,0,12,A34,A40,926,1,0,1,A101,2,A122,1,A143,A152,1,A171,0,0,1
698,698,1,0,18,A34,A43,1800,1,4,4,A101,2,A123,0,A143,A152,2,A173,0,0,1
699,699,1,3,15,A32,A46,1905,1,6,4,A101,4,A123,1,A143,A151,1,A174,0,1,1
700,700,0,0,12,A32,A42,1123,3,4,4,A101,4,A123,1,A143,A151,1,A172,0,0,1
701,701,0,1,48,A34,A41,6331,1,6,4,A101,4,A124,1,A143,A153,2,A173,0,1,1
702,702,1,3,24,A32,A43,1377,2,6,4,A101,2,A124,1,A143,A153,1,A173,0,1,1
703,703,1,2,30,A33,A49,2503,2,6,4,A101,2,A122,1,A142,A152,2,A173,0,0,1
704,704,1,2,27,A32,A49,2528,1,1,4,A101,1,A122,1,A143,A152,1,A173,1,1,1
705,705,1,0,15,A32,A40,5324,3,6,1,A101,4,A124,1,A143,A153,1,A173,0,0,1
706,706,0,2,48,A32,A40,6560,2,5,3,A101,2,A122,0,A143,A152,1,A173,0,0,1
707,707,0,2,12,A30,A42,2969,1,1,4,A101,3,A122,1,A143,A151,2,A173,0,0,1
708,708,1,2,9,A32,A43,1206,1,6,4,A101,4,A121,1,A143,A152,1,A173,0,0,1
709,709,1,2,9,A32,A43,2118,1,4,2,A101,2,A121,1,A143,A152,1,A172,1,0,1
710,710,1,0,18,A34,A43,629,3,6,4,A101,3,A122,1,A141,A152,2,A174,0,1,1
711,711,0,1,6,A31,A46,1198,1,6,4,A101,4,A124,1,A143,A153,1,A173,0,0,1
712,712,1,0,21,A32,A41,2476,0,6,4,A101,4,A121,1,A143,A152,1,A174,0,1,1
713,713,1,1,9,A34,A43,1138,1,4,4,A101,4,A121,1,A143,A152,2,A172,0,0,1
714,714,0,2,60,A32,A40,14027,1,5,4,A101,2,A124,1,A143,A152,1,A174,0,1,1
715,715,1,0,30,A34,A41,7596,0,6,1,A101,4,A123,1,A143,A152,2,A173,0,0,1
716,716,1,0,30,A34,A43,3077,0,6,3,A101,2,A123,1,A143,A152,2,A173,1,1,1
717,717,1,0,18,A32,A43,1505,1,4,4,A101,2,A124,1,A143,A153,1,A174,0,1,1
718,718,1,3,24,A34,A43,3148,0,4,3,A101,2,A123,1,A143,A152,2,A173,0,1,1
719,719,1,2,20,A30,A41,6148,2,6,3,A101,4,A123,1,A141,A152,2,A173,0,1,1
720,720,0,3,9,A30,A43,1337,1,1,4,A101,2,A123,1,A143,A152,2,A174,0,1,1
721,721,0,2,6,A31,A46,433,4,1,4,A101,2,A122,0,A141,A151,1,A173,1,0,1
722,722,0,1,12,A32,A40,1228,1,4,4,A101,2,A121,0,A143,A152,1,A172,0,0,1
723,723,1,2,9,A32,A43,790,3,4,4,A101,3,A121,1,A143,A152,1,A172,0,0,1
724,724,0,0,27,A32,A40,2570,1,4,3,A101,3,A121,0,A143,A151,1,A173,0,0,1
725,725,1,0,6,A34,A40,250,4,4,2,A101,2,A121,1,A141,A152,2,A172,0,0,1
726,726,1,0,15,A34,A43,1316,3,4,2,A101,2,A122,1,A143,A152,2,A172,0,0,1
727,727,0,1,18,A32,A43,1882,1,4,4,A101,4,A123,1,A141,A151,2,A173,0,0,1
728,728,0,2,48,A31,A49,6416,1,6,4,A101,3,A124,1,A143,A151,1,A173,0,0,1
729,729,1,3,24,A34,A49,1275,4,4,2,A101,4,A121,1,A143,A152,2,A173,0,1,1
730,730,1,2,24,A33,A43,6403,1,1,1,A101,2,A123,1,A143,A152,1,A173,0,0,1
731,731,0,1,24,A32,A43,1987,1,4,2,A101,4,A121,0,A143,A151,1,A172,1,0,1
732,732,1,2,8,A32,A43,760,1,5,4,A103,2,A121,1,A143,A152,1,A172,0,0,1
733,733,1,0,24,A32,A41,2603,4,4,2,A101,4,A123,1,A143,A151,1,A173,0,1,1
734,734,1,0,4,A34,A40,3380,1,5,1,A101,1,A121,1,A143,A152,1,A173,1,0,1
735,735,1,2,36,A31,A44,3990,0,1,3,A101,2,A124,1,A141,A152,1,A171,0,0,1
736,736,0,2,24,A32,A41,11560,1,4,1,A101,4,A123,0,A143,A151,2,A174,0,0,1
737,737,1,1,18,A32,A40,4380,2,4,3,A101,4,A123,1,A143,A152,1,A172,1,1,1
738,738,1,0,6,A34,A40,6761,1,5,1,A101,3,A124,1,A143,A152,2,A174,1,1,1
739,739,0,2,30,A30,A49,4280,2,4,4,A101,4,A123,1,A143,A151,2,A172,0,0,1
740,740,1,1,24,A31,A40,2325,2,5,2,A101,3,A123,1,A141,A152,1,A173,0,0,1
741,741,1,2,10,A31,A43,1048,1,4,4,A101,4,A121,0,A142,A152,1,A172,0,0,1
742,742,1,0,21,A32,A43,3160,0,6,4,A101,3,A122,1,A143,A152,1,A173,0,1,1
743,743,1,1,24,A31,A42,2483,3,4,4,A101,4,A121,0,A142,A152,1,A173,0,1,1
744,744,1,1,39,A34,A42,14179,0,5,4,A101,4,A122,1,A143,A152,2,A174,0,1,1
745,745,1,1,13,A34,A49,1797,1,1,3,A101,1,A122,1,A141,A152,2,A172,0,0,1
746,746,1,1,15,A32,A40,2511,1,0,1,A101,4,A123,0,A143,A151,1,A173,0,0,1
747,747,0,1,12,A32,A40,1274,1,1,3,A101,1,A121,1,A143,A152,1,A172,0,0,1
748,748,1,0,21,A32,A41,5248,0,4,1,A101,3,A123,1,A143,A152,1,A173,0,0,1
749,749,1,0,15,A32,A41,3029,1,5,2,A101,2,A123,1,A143,A152,1,A173,0,0,1
750,750,1,1,6,A32,A42,428,1,6,2,A101,1,A122,1,A141,A152,1,A173,0,1,1
751,751,0,1,18,A32,A40,976,1,1,1,A101,2,A123,0,A143,A152,1,A172,0,0,1
752,752,1,2,12,A32,A49,841,2,5,2,A101,4,A121,0,A143,A151,1,A172,0,0,1
753,753,1,0,30,A34,A43,5771,1,5,4,A101,2,A123,1,A143,A152,2,A173,0,0,1
754,754,0,0,12,A33,A45,1555,4,6,4,A101,4,A124,1,A143,A153,2,A173,1,0,1
755,755,0,1,24,A32,A40,1285,0,5,4,A101,4,A124,1,A143,A151,1,A173,0,0,1
756,756,1,3,6,A34,A40,1299,1,4,1,A101,1,A121,1,A143,A152,3,A171,1,0,0
757,757,0,3,15,A34,A43,1271,0,4,3,A101,4,A124,1,A143,A153,2,A173,0,1,1
758,758,1,0,24,A32,A40,1393,1,4,2,A103,2,A121,1,A143,A152,1,A173,0,1,1
759,759,0,1,12,A34,A40,691,1,6,4,A101,3,A122,1,A143,A152,2,A173,0,0,1
760,760,1,0,15,A34,A40,5045,0,6,1,A101,4,A123,1,A143,A152,1,A173,0,1,1
761,761,0,1,18,A34,A42,2124,1,4,4,A101,4,A121,0,A143,A151,2,A173,0,0,1
762,762,1,1,12,A32,A43,2214,1,4,4,A101,3,A122,0,A143,A152,1,A172,0,0,1
763,763,0,0,21,A34,A40,12680,0,6,4,A101,4,A124,1,A143,A153,1,A174,0,1,1
764,764,1,0,24,A34,A40,2463,2,5,4,A101,3,A122,1,A143,A152,2,A173,0,1,1
765,765,1,2,12,A32,A43,1155,1,6,3,A103,3,A121,1,A141,A152,2,A172,0,0,1
766,766,0,1,30,A32,A42,3108,1,1,2,A101,4,A122,1,A143,A152,1,A172,0,0,1
767,767,1,0,10,A32,A41,2901,0,1,1,A101,4,A121,1,A143,A151,1,A173,0,0,1
768,768,1,2,12,A34,A42,3617,1,6,1,A101,4,A123,1,A143,A151,3,A173,0,1,1
769,769,1,0,12,A34,A43,1655,1,6,2,A101,4,A121,1,A143,A152,2,A172,0,1,1
770,770,1,1,24,A32,A41,2812,0,6,2,A101,4,A121,1,A143,A151,1,A173,0,0,1
771,771,0,1,36,A34,A46,8065,1,4,3,A101,2,A124,1,A143,A152,2,A174,0,1,1
772,772,1,0,21,A34,A41,3275,1,6,1,A101,4,A123,1,A143,A152,1,A174,0,1,1
773,773,1,0,24,A34,A43,2223,2,6,4,A101,4,A122,1,A141,A152,2,A173,0,0,1
774,774,1,3,12,A34,A40,1480,3,0,2,A101,4,A124,1,A141,A153,3,A171,0,0,1
775,775,0,1,24,A32,A40,1371,0,4,4,A101,4,A121,1,A143,A151,1,A173,0,0,1
776,776,1,0,36,A34,A40,3535,1,5,4,A101,4,A123,1,A143,A152,2,A173,0,1,1
777,777,1,1,18,A32,A43,3509,1,5,4,A103,1,A121,1,A143,A152,1,A173,0,0,1
778,778,1,0,36,A34,A41,5711,4,6,4,A101,2,A123,1,A143,A152,2,A174,0,1,1
779,779,1,2,18,A32,A45,3872,1,0,2,A101,4,A123,1,A143,A152,1,A173,0,1,1
780,780,0,2,39,A34,A43,4933,1,5,2,A103,2,A121,1,A143,A152,2,A173,0,0,1
781,781,1,0,24,A34,A40,1940,4,6,4,A101,4,A121,1,A143,A152,1,A173,0,1,1
782,782,1,2,12,A30,A48,1410,1,4,2,A101,2,A121,1,A143,A152,1,A172,0,1,1
783,783,0,2,12,A32,A40,836,2,1,4,A101,2,A122,0,A141,A152,1,A172,0,0,1
784,784,1,2,20,A32,A41,6468,0,0,1,A101,4,A121,1,A143,A152,1,A174,0,1,1
785,785,1,2,18,A32,A49,1941,4,4,4,A101,2,A122,1,A143,A152,1,A172,0,1,1
786,786,1,0,22,A32,A43,2675,3,6,3,A101,4,A123,1,A143,A152,1,A173,0,0,1
787,787,1,0,48,A34,A41,2751,0,6,4,A101,3,A123,1,A143,A152,2,A173,1,1,1
788,788,0,2,48,A33,A46,6224,1,6,4,A101,4,A124,1,A143,A153,1,A173,0,0,1
789,789,0,1,40,A34,A46,5998,1,4,4,A101,3,A124,1,A141,A152,1,A173,0,1,1
790,790,0,2,21,A32,A49,1188,1,6,2,A101,4,A122,1,A143,A152,1,A173,1,0,1
791,791,1,0,24,A32,A41,6313,0,6,3,A101,4,A123,1,A143,A152,1,A174,1,1,1
792,792,1,0,6,A34,A42,1221,0,4,1,A101,2,A122,1,A143,A152,2,A173,0,0,1
793,793,1,3,24,A32,A42,2892,1,6,3,A101,4,A124,1,A143,A153,1,A173,0,0,1
794,794,1,0,24,A32,A42,3062,3,6,4,A101,3,A124,1,A143,A151,1,A173,0,1,1
795,795,1,0,9,A32,A42,2301,2,1,2,A101,4,A122,0,A143,A151,1,A173,0,0,1
796,796,0,1,18,A32,A41,7511,0,6,1,A101,4,A122,1,A143,A153,1,A173,1,1,1
797,797,1,0,12,A34,A42,1258,1,1,2,A101,4,A122,0,A143,A151,2,A172,0,0,1
798,798,1,0,24,A33,A40,717,0,6,4,A101,4,A123,1,A143,A152,2,A173,0,1,1
799,799,1,2,9,A32,A40,1549,0,1,4,A101,2,A121,1,A143,A152,1,A171,0,0,1
800,800,1,0,24,A34,A46,1597,1,6,4,A101,4,A124,1,A143,A153,2,A173,1,0,1
801,801,1,2,18,A34,A43,1795,1,6,3,A103,4,A121,1,A141,A151,2,A172,0,1,1
802,802,1,1,20,A34,A42,4272,1,6,1,A101,4,A122,0,A143,A152,2,A173,0,0,1
803,803,1,0,12,A34,A43,976,0,6,4,A101,4,A123,1,A143,A152,2,A173,0,0,1
804,804,1,2,12,A32,A40,7472,0,0,1,A101,2,A121,0,A143,A151,1,A171,0,0,1
805,805,0,1,36,A32,A40,9271,1,5,2,A101,1,A123,0,A143,A152,1,A173,0,1,1
806,806,1,2,6,A32,A43,590,1,1,3,A101,3,A121,1,A143,A152,1,A172,0,0,0
807,807,1,0,12,A34,A43,930,0,6,4,A101,4,A121,1,A143,A152,4,A173,0,0,1
808,808,1,2,42,A31,A41,9283,1,0,1,A101,2,A124,1,A141,A153,1,A174,0,1,1
809,809,0,2,15,A30,A40,1778,1,1,2,A101,1,A121,1,A143,A151,2,A171,0,0,1
810,810,1,2,8,A32,A49,907,1,1,3,A101,2,A121,1,A143,A152,1,A173,0,1,1
811,811,1,2,6,A32,A43,484,1,5,3,A103,3,A121,1,A141,A152,1,A172,0,0,1
812,812,0,1,36,A34,A41,9629,1,5,4,A101,4,A123,0,A143,A152,2,A173,0,1,1
813,813,0,1,48,A32,A44,3051,1,4,3,A101,4,A123,1,A143,A152,1,A173,0,0,1
814,814,0,1,48,A32,A40,3931,1,5,4,A101,4,A124,1,A143,A153,1,A173,1,0,1
815,815,1,2,36,A33,A40,7432,1,4,2,A101,2,A122,1,A143,A151,1,A173,0,0,1
816,816,1,0,6,A32,A44,1338,3,4,1,A101,4,A121,1,A143,A152,1,A173,0,0,1
817,817,1,0,6,A34,A43,1554,1,5,1,A101,2,A123,0,A143,A151,2,A173,0,1,1
818,818,1,1,36,A32,A410,15857,1,0,2,A102,3,A123,1,A143,A152,1,A174,0,0,1
819,819,0,1,18,A32,A43,1345,1,4,4,A101,3,A121,1,A141,A152,1,A173,0,0,1
820,820,1,0,12,A32,A40,1101,1,4,3,A101,2,A121,1,A143,A152,2,A173,0,1,1
821,821,1,3,12,A32,A43,3016,1,4,3,A101,1,A123,0,A143,A152,1,A173,0,0,1
822,822,0,1,36,A32,A42,2712,1,6,2,A101,2,A122,1,A141,A152,1,A173,1,0,1
823,823,1,1,8,A34,A40,731,1,6,4,A101,4,A121,1,A143,A152,2,A172,0,0,1
824,824,1,0,18,A34,A42,3780,1,1,3,A101,2,A123,1,A143,A152,2,A174,0,1,1
825,825,1,1,21,A34,A40,1602,1,6,4,A101,3,A123,1,A143,A152,2,A173,0,1,1
826,826,0,1,18,A34,A40,3966,1,6,1,A101,4,A121,1,A141,A151,3,A173,0,1,1
827,827,0,0,18,A30,A49,4165,1,4,2,A101,2,A123,1,A142,A152,2,A173,1,0,1
828,828,0,1,36,A32,A41,8335,0,6,3,A101,4,A124,1,A143,A153,1,A173,0,0,1
829,829,1,2,48,A33,A49,6681,0,4,4,A101,4,A124,1,A143,A153,1,A173,1,1,1
830,830,1,0,24,A33,A49,2375,3,4,4,A101,2,A123,1,A143,A152,2,A173,1,1,1
831,831,0,1,18,A32,A40,1216,1,1,4,A101,3,A123,0,A143,A151,1,A173,0,1,1
832,832,0,1,45,A30,A49,11816,1,6,2,A101,4,A123,1,A143,A151,2,A173,0,0,1
833,833,1,2,24,A32,A43,5084,0,6,2,A101,4,A123,1,A143,A152,1,A173,0,1,1
834,834,0,3,15,A32,A43,2327,1,1,2,A101,3,A121,1,A143,A152,1,A172,0,0,1
835,835,0,1,12,A30,A40,1082,1,4,4,A101,4,A123,1,A141,A152,2,A173,0,0,1
836,836,1,0,12,A32,A43,886,0,4,4,A101,2,A123,0,A143,A152,1,A173,0,0,1
837,837,1,0,4,A32,A42,601,1,1,1,A101,3,A121,0,A143,A151,1,A172,1,0,1
838,838,1,1,24,A34,A41,2957,1,6,4,A101,4,A122,1,A143,A152,2,A173,0,1,1
839,839,1,0,24,A34,A43,2611,1,6,4,A102,3,A121,1,A143,A152,2,A173,0,0,1
840,840,0,1,36,A32,A42,5179,1,5,4,A101,2,A122,1,A143,A152,1,A173,0,0,1
841,841,1,0,21,A33,A41,2993,1,4,3,A101,2,A121,1,A142,A152,2,A172,0,0,1
842,842,0,0,18,A32,A45,1943,1,1,4,A101,4,A121,0,A143,A152,1,A173,0,0,1
843,843,1,0,24,A31,A49,1559,1,5,4,A101,4,A123,1,A141,A152,1,A173,0,1,1
844,844,1,0,18,A32,A42,3422,1,6,4,A101,4,A122,1,A141,A152,3,A173,1,1,1
845,845,1,2,21,A32,A42,3976,0,5,2,A101,3,A123,1,A143,A152,1,A173,0,1,1
846,846,0,0,18,A32,A40,6761,0,4,2,A101,4,A123,1,A143,A151,2,A173,0,0,1
847,847,1,0,24,A32,A40,1249,1,1,4,A101,2,A121,1,A143,A152,1,A173,0,0,1
848,848,1,1,9,A32,A43,1364,1,5,3,A101,4,A121,1,A143,A152,1,A173,0,0,1
849,849,0,1,12,A32,A43,709,1,6,4,A101,4,A121,1,A142,A152,1,A172,0,0,1
850,850,0,1,20,A34,A40,2235,1,4,4,A103,2,A122,1,A141,A151,2,A173,0,0,0
851,851,1,0,24,A34,A41,4042,0,5,3,A101,4,A122,1,A143,A152,2,A173,0,1,1
852,852,1,0,15,A34,A43,1471,1,4,4,A101,4,A124,1,A143,A153,2,A173,0,1,1
853,853,0,1,18,A31,A40,1442,1,5,4,A101,4,A124,1,A143,A153,2,A172,1,0,1
854,854,1,0,36,A33,A40,10875,1,6,2,A101,2,A123,1,A143,A152,2,A173,1,1,1
855,855,1,0,24,A32,A40,1474,2,1,4,A101,3,A121,1,A143,A152,1,A173,0,1,1
856,856,1,0,10,A32,A48,894,0,5,4,A101,3,A122,1,A143,A152,1,A173,0,1,1
857,857,1,0,15,A34,A42,3343,1,4,4,A101,2,A124,1,A143,A153,1,A173,0,1,1
858,858,0,1,15,A32,A40,3959,1,4,3,A101,2,A122,1,A143,A152,1,A173,0,1,1
859,859,1,0,9,A32,A40,3577,2,4,1,A103,2,A121,1,A143,A151,1,A173,1,0,0
860,860,1,0,24,A34,A41,5804,4,4,4,A101,2,A121,1,A143,A152,2,A173,0,0,1
861,861,0,0,18,A33,A49,2169,1,4,4,A101,2,A123,1,A143,A152,1,A173,0,1,1
862,862,0,1,24,A32,A43,2439,1,1,4,A101,4,A121,1,A143,A152,1,A173,0,1,1
863,863,1,0,27,A34,A42,4526,4,1,4,A101,2,A121,1,A142,A152,2,A172,1,1,1
864,864,0,0,10,A32,A42,2210,1,4,2,A101,2,A121,1,A141,A151,1,A172,0,0,1
865,865,1,0,15,A32,A42,2221,3,4,2,A101,4,A123,0,A143,A151,1,A173,0,0,1
866,866,1,1,18,A32,A43,2389,1,1,4,A101,1,A123,1,A142,A152,1,A173,0,0,1
867,867,1,0,12,A34,A42,3331,1,6,2,A101,4,A122,1,A142,A152,1,A173,0,0,1
868,868,1,0,36,A32,A49,7409,0,6,3,A101,2,A122,1,A143,A152,2,A173,0,0,1
869,869,1,1,12,A32,A42,652,1,6,4,A101,4,A122,0,A143,A151,1,A173,0,0,1
870,870,1,0,36,A33,A42,7678,3,5,2,A101,4,A123,1,A143,A152,2,A173,0,1,1
871,871,1,3,6,A34,A40,1343,1,6,1,A101,4,A121,1,A143,A152,2,A173,1,0,0
872,872,1,1,24,A34,A49,1382,2,5,4,A101,1,A121,1,A143,A152,2,A173,0,1,1
873,873,1,0,15,A32,A44,874,0,1,4,A101,1,A121,0,A143,A152,1,A173,0,0,1
874,874,1,1,12,A32,A42,3590,1,4,2,A102,2,A122,1,A143,A152,1,A172,1,0,1
875,875,1,2,11,A34,A40,1322,4,4,4,A101,4,A123,1,A143,A152,2,A173,0,0,1
876,876,1,1,18,A31,A43,1940,1,1,3,A102,4,A124,1,A141,A153,1,A174,0,1,1
877,877,1,0,36,A32,A43,3595,1,6,4,A101,2,A123,1,A143,A152,1,A173,0,0,1
878,878,0,1,9,A32,A40,1422,1,1,3,A101,2,A124,1,A143,A153,1,A174,0,1,1
879,879,1,0,30,A34,A43,6742,0,5,2,A101,3,A122,1,A143,A152,2,A173,0,0,1
880,880,1,0,24,A32,A41,7814,1,5,3,A101,3,A123,1,A143,A152,1,A174,0,1,1
881,881,1,0,24,A32,A41,9277,0,4,2,A101,4,A124,1,A143,A153,1,A173,0,1,1
882,882,1,2,30,A34,A40,2181,0,6,4,A101,4,A121,1,A143,A152,2,A173,0,0,1
883,883,1,0,18,A34,A43,1098,1,0,4,A101,4,A123,1,A143,A152,2,A171,0,0,1
884,884,0,2,24,A32,A42,4057,1,5,3,A101,3,A123,1,A143,A152,1,A173,0,1,1
885,885,0,1,12,A32,A46,795,1,1,4,A101,4,A122,1,A143,A152,1,A173,0,0,1
886,886,1,2,24,A34,A49,2825,0,5,4,A101,3,A124,1,A143,A152,2,A173,1,1,1
887,887,0,2,48,A32,A49,15672,1,4,2,A101,2,A123,0,A143,A152,1,A173,0,1,1
888,888,1,0,36,A34,A40,6614,1,6,4,A101,4,A123,1,A143,A152,2,A174,0,1,1
889,889,1,0,28,A31,A41,7824,0,1,3,A103,4,A121,1,A141,A151,2,A173,1,1,1
890,890,1,1,27,A34,A49,2442,1,6,4,A101,4,A123,1,A142,A152,4,A174,1,1,1
891,891,1,0,15,A34,A43,1829,1,6,4,A101,4,A123,1,A143,A152,2,A173,0,1,1
892,892,1,1,12,A34,A40,2171,1,4,4,A101,4,A122,1,A141,A152,2,A172,0,0,0
893,893,1,2,36,A34,A41,5800,1,4,3,A101,4,A123,1,A143,A152,2,A173,0,1,1
894,894,1,0,18,A34,A43,1169,0,4,4,A101,3,A122,1,A143,A152,2,A173,0,1,1
895,895,1,0,36,A33,A41,8947,0,5,3,A101,2,A123,1,A142,A152,1,A174,1,1,1
896,896,1,1,21,A32,A43,2606,1,1,4,A101,4,A122,1,A143,A151,1,A174,0,1,1
897,897,1,0,12,A34,A42,1592,4,5,3,A101,2,A122,1,A143,A152,1,A173,0,0,0
898,898,1,0,15,A32,A42,2186,0,5,1,A101,4,A121,1,A141,A151,1,A172,0,0,1
899,899,0,1,18,A32,A42,4153,1,4,2,A102,3,A123,1,A143,A152,1,A173,0,0,1
900,900,0,1,16,A34,A40,2625,1,6,2,A103,4,A122,1,A141,A151,1,A173,0,1,1
901,901,1,0,20,A34,A40,3485,0,1,2,A101,4,A121,1,A143,A152,2,A173,0,1,1
902,902,1,0,36,A34,A41,10477,0,6,2,A101,4,A124,1,A143,A153,2,A173,0,0,1
903,903,1,0,15,A32,A43,1386,0,4,4,A101,2,A121,1,A143,A151,1,A173,0,1,1
904,904,1,0,24,A32,A43,1278,1,6,4,A101,1,A121,1,A143,A152,1,A174,0,1,1
905,905,1,1,12,A32,A43,1107,1,4,2,A101,2,A121,0,A143,A151,1,A174,1,1,1
906,906,1,1,21,A32,A40,3763,0,5,2,A102,2,A121,0,A143,A152,1,A172,0,0,0
907,907,1,2,36,A32,A46,3711,0,4,2,A101,2,A123,1,A143,A152,1,A173,0,0,1
908,908,1,0,15,A33,A41,3594,1,1,1,A101,2,A122,1,A143,A152,2,A172,0,0,1
909,909,1,2,9,A32,A40,3195,0,4,1,A101,2,A121,1,A143,A152,1,A172,0,0,1
910,910,1,0,36,A33,A43,4454,1,4,4,A101,4,A121,1,A143,A152,2,A173,0,0,1
911,911,0,2,24,A34,A42,4736,1,1,2,A101,4,A123,1,A141,A152,1,A172,0,0,1
912,912,1,2,30,A32,A43,2991,0,6,2,A101,4,A123,1,A143,A152,1,A173,0,0,1
913,913,1,0,11,A32,A49,2142,4,6,1,A101,2,A121,1,A143,A152,1,A173,0,1,1
914,914,0,1,24,A31,A49,3161,1,4,4,A101,2,A122,1,A143,A151,1,A173,0,1,1
915,915,0,2,48,A30,A410,18424,1,4,1,A101,2,A122,1,A141,A152,1,A174,0,1,0
916,916,1,0,10,A32,A41,2848,2,4,1,A102,2,A121,1,A143,A152,1,A173,1,0,1
917,917,0,1,6,A32,A40,14896,1,6,1,A101,4,A124,1,A141,A152,1,A174,0,1,1
918,918,0,1,24,A32,A42,2359,2,0,1,A101,1,A122,1,A143,A152,1,A173,0,0,1
919,919,0,1,24,A32,A42,3345,1,6,4,A101,2,A122,1,A143,A151,1,A174,0,1,1
920,920,1,0,18,A34,A42,1817,1,4,4,A101,2,A124,1,A143,A152,2,A173,0,0,1
921,921,1,0,48,A33,A43,12749,3,5,4,A101,1,A123,1,A143,A152,1,A174,0,1,1
922,922,0,1,9,A32,A43,1366,1,1,3,A101,4,A122,0,A143,A151,1,A173,0,0,1
923,923,1,2,12,A32,A40,2002,1,5,3,A101,4,A122,1,A143,A151,1,A173,1,1,1
924,924,0,1,24,A31,A42,6872,1,1,2,A101,1,A122,1,A141,A152,1,A173,0,1,1
925,925,0,1,12,A31,A40,697,1,1,4,A101,2,A123,1,A141,A152,2,A173,0,1,1
926,926,1,1,18,A34,A42,1049,1,1,4,A101,4,A122,0,A143,A151,1,A173,0,0,1
927,927,0,1,48,A32,A41,10297,1,5,4,A101,4,A124,1,A142,A153,3,A173,1,1,1
928,928,1,0,30,A32,A43,1867,0,6,4,A101,4,A123,1,A143,A152,1,A173,0,1,1
929,929,1,1,12,A33,A40,1344,1,4,4,A101,2,A121,1,A143,A152,2,A172,1,0,1
930,930,1,1,24,A32,A42,1747,1,1,4,A102,1,A122,0,A143,A152,1,A172,0,0,0
931,931,0,2,9,A32,A43,1670,1,1,4,A101,2,A123,0,A143,A152,1,A173,0,1,1
932,932,1,0,9,A34,A40,1224,1,4,3,A101,1,A121,1,A143,A152,2,A173,0,0,1
933,933,1,0,12,A34,A43,522,3,6,4,A101,4,A122,1,A143,A152,2,A173,1,1,1
934,934,1,1,12,A32,A43,1498,1,4,4,A101,1,A123,0,A141,A152,1,A173,0,0,1
935,935,0,2,30,A33,A43,1919,2,1,4,A101,3,A124,1,A142,A152,2,A174,0,0,1
936,936,0,3,9,A32,A43,745,1,4,3,A101,2,A121,1,A143,A152,1,A172,0,0,1
937,937,1,2,6,A32,A43,2063,1,1,4,A101,3,A123,1,A143,A151,1,A174,0,1,1
938,938,0,2,60,A32,A46,6288,1,4,4,A101,4,A124,1,A143,A153,1,A173,0,0,1
939,939,1,0,24,A34,A41,6842,0,4,2,A101,4,A122,1,A143,A152,2,A174,1,1,1
940,940,1,0,12,A32,A40,3527,0,1,2,A101,3,A122,1,A143,A152,1,A174,1,1,1
941,941,1,0,10,A32,A40,1546,1,4,3,A101,2,A121,1,A143,A152,1,A172,1,0,0
942,942,1,0,24,A32,A42,929,0,5,4,A101,2,A123,1,A142,A152,1,A173,0,1,1
943,943,1,0,4,A34,A40,1455,1,5,2,A101,1,A121,1,A143,A152,3,A172,1,0,1
944,944,1,1,15,A32,A42,1845,1,1,4,A103,1,A122,1,A143,A151,1,A173,0,0,1
945,945,1,2,48,A30,A40,8358,3,1,1,A101,1,A123,1,A143,A152,2,A173,0,0,1
946,946,0,1,24,A31,A42,3349,3,1,4,A101,4,A124,1,A143,A153,1,A173,1,1,1
947,947,1,0,12,A32,A40,2859,0,0,4,A101,4,A124,1,A143,A152,1,A174,0,1,1
948,948,0,0,18,A32,A42,1533,1,1,4,A102,1,A122,1,A143,A152,1,A172,1,0,1
949,949,0,0,24,A32,A43,3621,2,6,2,A101,4,A123,1,A143,A152,2,A173,0,0,1
950,950,1,2,18,A34,A49,3590,1,0,3,A101,3,A123,1,A143,A152,3,A171,1,1,1
951,951,0,1,36,A33,A49,2145,1,5,2,A101,1,A123,0,A143,A152,2,A173,0,1,1
952,952,0,2,24,A32,A41,4113,3,1,3,A101,4,A123,1,A143,A151,1,A173,0,0,1
953,953,0,0,36,A32,A42,10974,1,0,4,A101,2,A123,1,A143,A152,2,A174,0,1,1
954,954,1,1,12,A32,A40,1893,1,4,4,A103,4,A122,1,A143,A152,1,A173,0,1,1
955,955,1,1,24,A34,A43,1231,4,6,4,A101,4,A122,1,A143,A151,2,A174,0,1,1
956,956,1,3,30,A34,A43,3656,0,6,4,A101,4,A122,1,A142,A152,2,A172,0,0,1
957,957,1,2,9,A34,A43,1154,1,6,2,A101,4,A121,1,A143,A152,3,A172,0,0,1
958,958,0,1,28,A32,A40,4006,1,4,3,A101,2,A123,1,A143,A152,1,A172,0,0,1
959,959,1,2,24,A32,A42,3069,2,6,4,A101,4,A124,1,A143,A153,1,A173,0,0,1
960,960,1,0,6,A34,A43,1740,1,6,2,A101,2,A121,1,A143,A151,2,A173,0,0,1
961,961,1,2,21,A33,A40,2353,1,4,1,A101,4,A122,1,A143,A152,2,A173,0,0,1
962,962,1,0,15,A32,A40,3556,0,4,3,A101,2,A124,1,A143,A152,1,A173,0,0,1
963,963,0,0,24,A32,A43,2397,3,6,3,A101,2,A123,1,A141,A152,2,A173,0,1,1
964,964,1,2,6,A32,A45,454,1,1,3,A101,1,A122,0,A143,A152,1,A172,0,0,1
965,965,1,2,30,A32,A43,1715,0,4,4,A101,1,A123,1,A143,A152,1,A173,0,0,1
966,966,0,2,27,A34,A43,2520,3,4,4,A101,2,A122,0,A143,A152,2,A172,0,0,1
967,967,1,0,15,A32,A43,3568,1,6,4,A101,2,A123,1,A141,A151,1,A174,0,1,1
968,968,1,0,42,A32,A43,7166,0,5,2,A101,4,A122,1,A143,A151,1,A173,0,1,1
969,969,1,1,11,A34,A40,3939,1,4,1,A101,2,A121,1,A143,A152,2,A172,1,0,1
970,970,1,2,15,A32,A45,1514,2,4,4,A103,2,A121,0,A143,A152,1,A173,0,0,1
971,971,1,0,24,A32,A40,7393,1,4,1,A101,4,A122,1,A143,A152,1,A172,1,0,1
972,972,0,1,24,A31,A40,1193,1,0,1,A102,4,A124,1,A143,A151,2,A171,0,0,1
973,973,0,1,60,A32,A49,7297,1,6,4,A102,4,A124,1,A143,A151,1,A173,0,0,1
974,974,1,0,30,A34,A43,2831,1,4,4,A101,2,A123,1,A143,A152,1,A173,0,1,1
975,975,1,3,24,A32,A43,1258,3,4,3,A101,3,A123,1,A143,A152,1,A172,0,0,1
976,976,1,2,6,A32,A43,753,1,4,2,A103,3,A121,1,A143,A152,1,A173,0,0,1
977,977,1,2,18,A33,A49,2427,0,6,4,A101,2,A122,1,A143,A152,2,A173,0,0,1
978,978,0,0,24,A33,A40,2538,1,6,4,A101,4,A123,1,A143,A152,2,A172,1,0,1
979,979,0,2,15,A31,A40,1264,2,4,2,A101,2,A122,1,A143,A151,1,A173,0,0,1
980,980,0,2,30,A34,A42,8386,1,5,2,A101,2,A122,1,A143,A152,1,A173,0,0,1
981,981,0,0,48,A32,A49,4844,1,0,3,A101,2,A123,1,A141,A151,1,A174,0,1,1
982,982,1,3,21,A32,A40,2923,2,4,1,A101,1,A123,1,A141,A152,1,A174,0,1,1
983,983,0,1,36,A32,A41,8229,1,4,2,A101,2,A122,1,A143,A152,1,A173,1,0,1
984,984,1,0,24,A34,A42,2028,1,5,2,A101,2,A122,1,A143,A152,2,A172,0,0,1
985,985,1,1,15,A34,A42,1433,1,4,4,A101,3,A122,1,A143,A151,2,A173,0,0,1
986,986,1,3,42,A30,A49,6289,1,1,2,A101,1,A122,1,A143,A152,2,A173,0,0,1
987,987,1,0,13,A32,A43,1409,2,0,2,A101,4,A121,1,A143,A152,1,A173,0,0,1
988,988,1,1,24,A32,A41,6579,1,0,4,A101,2,A124,1,A143,A153,1,A174,0,1,1
989,989,1,2,24,A34,A43,1743,1,6,4,A101,2,A122,1,A143,A152,2,A172,0,0,1
990,990,1,0,12,A34,A46,3565,0,1,2,A101,1,A122,1,A143,A152,2,A172,1,0,1
991,991,1,0,15,A31,A43,1569,2,6,4,A101,4,A123,1,A141,A152,1,A172,1,0,1
992,992,1,1,18,A32,A43,1936,0,5,2,A101,4,A123,0,A143,A151,2,A172,0,0,1
993,993,1,1,36,A32,A42,3959,1,0,4,A101,3,A122,1,A143,A152,1,A174,0,1,1
994,994,1,0,12,A32,A40,2390,0,6,4,A101,3,A123,1,A143,A152,1,A173,0,1,1
995,995,1,0,12,A32,A42,1736,1,5,3,A101,4,A121,1,A143,A152,1,A172,0,0,1
996,996,1,1,30,A32,A41,3857,1,4,4,A101,4,A122,1,A143,A152,1,A174,0,1,1
997,997,1,0,12,A32,A43,804,1,6,4,A101,4,A123,1,A143,A152,1,A173,0,0,1
998,998,0,1,45,A32,A43,1845,1,4,4,A101,4,A124,0,A143,A153,1,A173,0,1,1
999,999,1,2,45,A34,A41,4576,2,0,3,A101,4,A123,1,A143,A152,1,A173,0,0,1
