,Creditable,CheckingSize,LoanDuration,CreditHistory,Purpose,CreditAmount,Savings,EmploymentLength,InstallmentRate,Sex,Guarantors,HomeOwnedTime,Property,Age,InstallPlans,Housing,NumCredits,Job,NumOnLoan,Telephone,ForeignWorker
0,1,1,6,A34,A43,1169,0,6,4,1,A101,4,A121,67,A143,A152,2,A173,0,1,1
1,0,2,48,A32,A43,5951,1,4,2,0,A101,2,A121,22,A143,A152,1,A173,0,0,1
2,1,0,12,A34,A46,2096,1,5,2,1,A101,3,A121,49,A143,A152,1,A172,1,0,1
3,1,1,42,A32,A42,7882,1,5,2,1,A103,4,A122,45,A143,A153,1,A173,1,0,1
4,0,1,24,A33,A40,4870,1,4,3,1,A101,4,A124,53,A143,A153,2,A173,1,0,1
5,1,0,36,A32,A46,9055,0,4,2,1,A101,4,A124,35,A143,A153,1,A172,1,1,1
6,1,0,24,A32,A42,2835,3,6,3,1,A101,4,A122,53,A143,A152,1,A173,0,0,1
7,1,2,36,A32,A41,6948,1,4,2,1,A101,2,A123,35,A143,A151,1,A174,0,1,1
8,1,0,12,A32,A43,3059,4,5,2,1,A101,4,A121,61,A143,A152,1,A172,0,0,1
9,0,2,30,A34,A40,5234,1,0,4,1,A101,2,A123,28,A143,A152,2,A174,0,0,1
10,0,2,12,A32,A40,1295,1,1,3,0,A101,1,A123,25,A143,A151,1,A173,0,0,1
11,0,1,48,A32,A49,4308,1,1,3,0,A101,4,A122,24,A143,A151,1,A173,0,0,1
12,1,2,12,A32,A43,1567,1,4,1,0,A101,1,A123,22,A143,A152,1,A173,0,1,1
13,0,1,24,A34,A40,1199,1,6,4,1,A101,4,A123,60,A143,A152,2,A172,0,0,1
14,1,1,15,A32,A40,1403,1,4,2,0,A101,4,A123,28,A143,A151,1,A173,0,0,1
15,0,1,24,A32,A43,1282,2,4,4,0,A101,2,A123,32,A143,A152,1,A172,0,0,1
16,1,0,24,A34,A43,2424,0,6,4,1,A101,4,A122,53,A143,A152,2,A173,0,0,1
17,1,1,30,A30,A49,8072,0,1,2,1,A101,3,A123,25,A141,A152,3,A173,0,0,1
18,0,2,24,A32,A41,12579,1,6,4,0,A101,2,A124,44,A143,A153,1,A174,0,1,1
19,1,0,24,A32,A43,3430,3,6,3,1,A101,2,A123,31,A143,A152,1,A173,1,1,1
20,1,0,9,A34,A40,2134,1,4,4,1,A101,4,A123,48,A143,A152,3,A173,0,1,1
21,1,1,6,A32,A43,2647,3,4,2,1,A101,3,A121,44,A143,A151,1,A173,1,0,1
22,1,1,10,A34,A40,2241,1,1,1,1,A101,3,A121,48,A143,A151,2,A172,1,0,0
23,1,2,12,A34,A41,1804,2,1,3,1,A101,4,A122,44,A143,A152,1,A173,0,0,1
24,1,0,10,A34,A42,2069,0,4,2,1,A101,1,A123,26,A143,A152,2,A173,0,0,0
25,1,1,6,A32,A42,1374,1,4,1,1,A101,2,A121,36,A141,A152,1,A172,0,1,1
26,1,0,6,A30,A43,426,1,6,4,1,A101,4,A123,39,A143,A152,1,A172,0,0,1
27,1,3,12,A31,A43,409,4,4,3,0,A101,3,A121,42,A143,A151,2,A173,0,0,1
28,1,2,7,A32,A43,2415,1,4,3,1,A103,2,A121,34,A143,A152,1,A173,0,0,1
29,0,1,60,A33,A49,6836,1,6,3,1,A101,4,A124,63,A143,A152,2,A173,0,1,1
30,1,2,18,A32,A49,1913,4,1,3,1,A101,3,A121,36,A141,A152,1,A173,0,1,1
31,1,1,24,A32,A42,4020,1,4,2,1,A101,2,A123,27,A142,A152,1,A173,0,0,1
32,1,2,18,A32,A40,5866,2,4,2,1,A101,2,A123,30,A143,A152,2,A173,0,1,1
33,1,0,12,A34,A49,1264,0,6,4,1,A101,4,A124,57,A143,A151,1,A172,0,0,1
34,1,3,12,A32,A42,1474,1,1,4,0,A101,1,A122,33,A141,A152,1,A174,0,1,1
35,0,2,45,A34,A43,4746,1,1,4,1,A101,2,A122,25,A143,A152,2,A172,0,0,1
36,1,0,48,A34,A46,6110,1,4,1,1,A101,3,A124,31,A141,A153,1,A173,0,1,1
37,0,3,18,A32,A43,2100,1,4,4,1,A102,2,A121,37,A142,A152,1,A173,0,0,1
38,1,3,10,A32,A44,1225,1,4,2,1,A101,2,A123,37,A143,A152,1,A173,0,1,1
39,1,2,9,A32,A43,458,1,4,4,1,A101,3,A121,24,A143,A152,1,A173,0,0,1
40,1,0,30,A32,A43,2333,3,6,4,1,A101,2,A123,30,A141,A152,1,A174,0,0,1
41,1,2,12,A32,A43,1158,3,4,3,1,A101,1,A123,26,A143,A152,1,A173,0,1,1
42,1,2,18,A33,A45,6204,1,4,2,1,A101,4,A121,44,A143,A152,1,A172,1,1,1
43,1,1,30,A34,A41,6187,2,5,1,1,A101,4,A123,24,A143,A151,2,A173,0,0,1
44,0,1,48,A34,A41,6143,1,6,4,0,A101,4,A124,58,A142,A153,2,A172,0,0,1
45,1,0,11,A34,A40,1393,1,1,4,0,A101,4,A123,35,A143,A152,2,A174,0,0,1
46,1,0,36,A32,A43,2299,3,6,4,1,A101,4,A123,39,A143,A152,1,A173,0,0,1
47,1,1,6,A32,A41,1352,3,0,1,0,A101,2,A122,23,A143,A151,1,A171,0,1,1
48,1,0,11,A34,A40,7228,1,4,1,1,A101,4,A122,39,A143,A152,2,A172,0,0,1
49,1,0,12,A32,A43,2073,2,4,4,0,A102,2,A121,28,A143,A152,1,A173,0,0,1
50,1,2,24,A33,A42,2333,0,1,4,1,A101,2,A122,29,A141,A152,1,A172,0,0,1
51,1,2,27,A33,A41,5965,1,6,1,1,A101,2,A123,30,A143,A152,2,A174,0,1,1
52,1,0,12,A32,A43,1262,1,4,3,1,A101,2,A123,25,A143,A152,1,A173,0,0,1
53,1,0,18,A32,A41,3378,0,4,2,1,A101,1,A122,31,A143,A152,1,A173,0,1,1
54,0,2,36,A33,A40,2225,1,6,4,1,A101,4,A124,57,A141,A153,2,A173,0,1,1
55,1,0,6,A31,A40,783,0,4,1,1,A103,2,A121,26,A142,A152,1,A172,1,0,1
56,0,2,12,A32,A43,6468,0,0,2,1,A101,1,A124,52,A143,A152,1,A174,0,1,1
57,1,0,36,A34,A43,9566,1,4,2,0,A101,2,A123,31,A142,A152,2,A173,0,0,1
58,1,3,18,A32,A40,1961,1,6,3,0,A101,2,A123,23,A143,A152,1,A174,0,0,1
59,0,1,36,A34,A42,6229,1,1,4,0,A102,4,A124,23,A143,A151,2,A172,0,1,1
60,1,2,9,A32,A49,1391,1,4,2,1,A101,1,A121,27,A141,A152,1,A173,0,1,1
61,1,2,15,A34,A43,1537,0,6,4,1,A103,4,A121,50,A143,A152,2,A173,0,1,1
62,0,2,36,A30,A49,1953,1,6,4,1,A101,4,A124,61,A143,A153,1,A174,0,1,1
63,0,2,48,A30,A49,14421,1,4,2,1,A101,2,A123,25,A143,A152,1,A173,0,1,1
64,1,0,24,A32,A43,3181,1,1,4,0,A101,4,A122,26,A143,A152,1,A173,0,1,1
65,1,0,27,A32,A45,5190,0,6,4,1,A101,4,A122,48,A143,A152,4,A173,1,1,1
66,1,0,12,A32,A43,2171,1,1,2,0,A101,2,A123,29,A141,A152,1,A173,0,0,1
67,1,2,12,A32,A40,1007,4,4,4,1,A101,1,A121,22,A143,A152,1,A173,0,0,1
68,0,0,36,A32,A46,1819,1,4,4,1,A101,4,A124,37,A142,A153,1,A173,0,1,1
69,1,0,36,A32,A43,2394,0,4,4,0,A101,4,A123,25,A143,A152,1,A173,0,0,1
70,1,0,36,A32,A41,8133,1,4,1,0,A101,2,A122,30,A141,A152,1,A173,0,0,1
71,1,0,7,A34,A43,730,0,6,4,1,A101,2,A122,46,A143,A151,2,A172,0,1,1
72,1,1,8,A34,A410,1164,1,6,3,1,A101,4,A124,51,A141,A153,2,A174,1,1,1
73,1,2,42,A34,A49,5954,1,5,2,0,A101,1,A121,41,A141,A152,2,A172,0,0,1
74,0,1,36,A32,A46,1977,0,6,4,1,A101,4,A124,40,A143,A152,1,A174,0,1,1
75,1,1,12,A34,A41,1526,1,6,4,1,A101,4,A124,66,A143,A153,2,A174,0,0,1
76,0,1,42,A32,A43,3965,1,1,4,1,A101,3,A123,34,A143,A152,1,A173,0,0,1
77,1,2,11,A33,A43,4771,1,5,2,1,A101,4,A122,51,A143,A152,1,A173,0,0,1
78,1,0,54,A30,A41,9436,0,4,2,1,A101,2,A122,39,A143,A152,1,A172,1,0,1
79,1,2,30,A32,A42,3832,1,1,2,1,A101,1,A122,22,A143,A152,1,A173,0,0,1
80,0,0,24,A32,A43,5943,0,1,1,0,A101,1,A123,44,A143,A152,2,A173,0,1,1
81,1,0,15,A32,A43,1213,3,6,4,1,A101,3,A122,47,A142,A152,1,A173,0,1,1
82,1,0,18,A32,A49,1568,2,4,3,0,A101,4,A122,24,A143,A151,1,A172,0,0,1
83,1,1,24,A32,A410,1755,1,6,4,0,A103,4,A121,58,A143,A152,1,A172,0,1,1
84,1,1,10,A32,A43,2315,1,6,3,1,A101,4,A121,52,A143,A152,1,A172,0,0,1
85,1,0,12,A34,A49,1412,1,4,4,0,A103,2,A121,29,A143,A152,2,A174,0,1,1
86,1,2,18,A34,A42,1295,1,1,4,0,A101,1,A122,27,A143,A152,2,A173,0,0,1
87,0,2,36,A32,A46,12612,2,4,1,1,A101,4,A124,47,A143,A153,1,A173,1,1,1
88,1,1,18,A32,A40,2249,2,5,4,1,A101,3,A123,30,A143,A152,1,A174,1,1,1
89,0,1,12,A30,A45,1108,1,5,4,1,A101,3,A121,28,A143,A152,2,A173,0,0,1
90,1,0,12,A34,A43,618,1,6,4,1,A101,4,A121,56,A143,A152,1,A173,0,0,1
91,1,1,12,A34,A41,1409,1,6,4,1,A101,3,A121,54,A143,A152,1,A173,0,0,1
92,0,0,12,A34,A43,797,0,6,4,0,A101,3,A122,33,A141,A152,1,A172,1,0,1
93,1,3,24,A34,A42,3617,0,6,4,1,A102,4,A124,20,A143,A151,2,A173,0,0,1
94,1,2,12,A32,A40,1318,4,6,4,1,A101,4,A121,54,A143,A152,1,A173,0,1,1
95,0,2,54,A30,A49,15945,1,1,3,1,A101,4,A124,58,A143,A151,1,A173,0,1,1
96,1,0,12,A34,A46,2012,0,5,4,0,A101,2,A123,61,A143,A152,1,A173,0,0,1
97,1,2,18,A32,A49,2622,2,4,4,1,A101,4,A123,34,A143,A152,1,A173,0,0,1
98,1,2,36,A34,A43,2337,1,6,4,1,A101,4,A121,36,A143,A152,1,A173,0,0,1
99,1,2,20,A33,A41,7057,0,5,3,1,A101,4,A122,36,A141,A151,2,A174,1,1,1
100,1,0,24,A32,A40,1469,2,6,4,1,A101,4,A121,41,A143,A151,1,A172,0,0,1
101,1,2,36,A32,A43,2323,1,5,4,1,A101,4,A123,24,A143,A151,1,A173,0,0,1
102,1,0,6,A33,A43,932,1,4,3,0,A101,2,A121,24,A143,A152,1,A173,0,0,1
103,1,2,9,A34,A42,1919,1,5,4,1,A101,3,A123,35,A143,A151,1,A173,0,1,1
104,1,0,12,A32,A41,2445,0,1,2,1,A101,4,A123,26,A143,A151,1,A173,0,1,1
105,0,2,24,A34,A410,11938,1,4,2,1,A102,3,A123,39,A143,A152,2,A174,1,1,1
106,0,0,18,A31,A40,6458,1,6,2,1,A101,4,A124,39,A141,A152,2,A174,1,1,1
107,1,2,12,A32,A40,6078,1,5,2,1,A101,2,A123,32,A143,A152,1,A173,0,0,1
108,1,1,24,A32,A42,7721,0,1,1,0,A101,2,A122,30,A143,A152,1,A173,0,1,0
109,1,2,14,A32,A49,1410,3,6,1,1,A101,2,A121,35,A143,A152,1,A173,0,1,1
110,1,2,6,A33,A49,1449,2,6,1,1,A101,2,A123,31,A141,A152,2,A173,1,0,1
111,1,3,15,A32,A46,392,1,1,4,0,A101,4,A122,23,A143,A151,1,A173,0,1,1
112,1,2,18,A32,A40,6260,1,5,3,1,A101,3,A121,28,A143,A151,1,A172,0,0,1
113,0,0,36,A34,A40,7855,1,4,4,0,A101,2,A121,25,A142,A152,2,A173,0,1,1
114,1,1,12,A32,A43,1680,3,6,3,1,A101,1,A121,35,A143,A152,1,A173,0,0,1
115,1,0,48,A34,A43,3578,0,6,4,1,A101,1,A121,47,A143,A152,1,A173,0,1,1
116,0,1,42,A32,A43,7174,0,5,4,0,A101,3,A123,30,A143,A152,1,A174,0,1,1
117,1,1,10,A34,A42,2132,0,1,2,0,A102,3,A121,27,A143,A151,2,A173,0,0,0
118,0,1,33,A34,A42,4281,3,4,1,0,A101,4,A123,23,A143,A152,2,A173,0,0,1
119,1,2,12,A34,A40,2366,3,5,3,1,A101,3,A123,36,A143,A152,1,A174,0,1,1
120,0,1,21,A32,A43,1835,1,4,3,0,A101,2,A121,25,A143,A152,2,A173,0,1,1
121,1,0,24,A34,A41,3868,1,6,4,0,A101,2,A123,41,A143,A151,2,A174,0,1,1
122,1,0,12,A32,A42,1768,1,4,3,1,A101,2,A121,24,A143,A151,1,A172,0,0,1
123,1,3,10,A34,A40,781,1,6,4,1,A101,4,A124,63,A143,A153,2,A173,0,1,1
124,0,2,18,A32,A42,1924,0,1,4,0,A101,3,A121,27,A143,A151,1,A173,0,0,1
125,1,1,12,A34,A40,2121,1,4,4,1,A101,2,A122,30,A143,A152,2,A173,0,0,1
126,1,1,12,A32,A43,701,1,4,4,1,A101,2,A121,40,A143,A152,1,A172,0,0,1
127,0,2,12,A32,A45,639,1,4,4,1,A101,2,A123,30,A143,A152,1,A173,0,0,1
128,1,2,12,A34,A41,1860,1,0,4,1,A101,2,A123,34,A143,A152,2,A174,0,1,1
129,0,1,12,A34,A40,3499,1,4,3,0,A102,2,A121,29,A143,A152,2,A173,0,0,1
130,1,2,48,A32,A40,8487,0,5,1,0,A101,2,A123,24,A143,A152,1,A173,0,0,1
131,0,1,36,A33,A46,6887,1,4,4,1,A101,3,A122,29,A142,A152,1,A173,0,1,1
132,1,0,15,A32,A42,2708,1,1,2,1,A101,3,A122,27,A141,A152,2,A172,0,0,1
133,1,0,18,A32,A42,1984,1,4,4,1,A101,4,A124,47,A141,A153,2,A173,0,0,1
134,1,0,60,A32,A43,10144,2,5,2,0,A101,4,A121,21,A143,A152,1,A173,0,1,1
135,1,0,12,A34,A43,1240,0,6,4,0,A101,2,A121,38,A143,A152,2,A173,0,1,1
136,1,0,27,A33,A41,8613,4,4,2,1,A101,2,A123,27,A143,A152,2,A173,0,0,1
137,0,2,12,A32,A43,766,3,4,4,1,A101,3,A121,66,A143,A152,1,A172,0,0,1
138,1,2,15,A34,A43,2728,0,5,4,1,A103,2,A121,35,A141,A152,3,A173,0,1,1
139,1,3,12,A32,A43,1881,1,4,2,0,A101,2,A123,44,A143,A151,1,A172,0,1,1
140,1,3,6,A32,A40,709,4,1,2,1,A101,2,A121,27,A143,A152,1,A171,0,0,0
141,1,2,36,A32,A43,4795,1,1,4,0,A101,1,A124,30,A143,A152,1,A174,0,1,1
142,1,1,27,A32,A43,3416,1,4,3,1,A101,2,A123,27,A143,A152,1,A174,0,0,1
143,0,1,18,A32,A42,2462,1,4,2,1,A101,2,A123,22,A143,A152,1,A173,0,0,1
144,1,0,21,A34,A42,2288,1,1,4,0,A101,4,A122,23,A143,A152,1,A173,0,1,1
145,1,2,48,A31,A49,3566,2,5,4,1,A101,2,A123,30,A143,A152,1,A173,0,0,1
146,1,1,6,A34,A40,860,1,6,1,0,A101,4,A124,39,A143,A152,2,A173,0,1,1
147,1,0,12,A34,A40,682,2,5,4,0,A101,3,A123,51,A143,A152,2,A173,0,1,1
148,1,1,36,A34,A42,5371,1,4,3,1,A103,2,A122,28,A143,A152,2,A173,0,0,1
149,1,0,18,A34,A43,1582,4,6,4,1,A101,4,A123,46,A143,A152,2,A173,0,0,1
150,1,0,6,A32,A43,1346,2,6,2,1,A101,4,A124,42,A141,A153,1,A173,1,1,1
151,1,0,10,A32,A43,1924,1,4,1,1,A101,4,A122,38,A143,A152,1,A173,0,1,0
152,1,3,36,A32,A43,5848,1,4,4,1,A101,1,A123,24,A143,A152,1,A173,0,0,1
153,1,2,24,A34,A41,7758,4,6,2,0,A101,4,A124,29,A143,A151,1,A173,0,0,1
154,1,2,24,A33,A49,6967,2,5,4,1,A101,4,A123,36,A143,A151,1,A174,0,1,1
155,0,1,12,A32,A42,1282,1,4,2,0,A101,4,A123,20,A143,A151,1,A173,0,0,1
156,1,1,9,A34,A45,1288,2,6,3,1,A103,4,A121,48,A143,A152,2,A173,1,0,0
157,1,1,12,A31,A48,339,1,6,4,1,A101,1,A123,45,A141,A152,1,A172,0,0,1
158,1,2,24,A32,A40,3512,2,5,2,1,A101,3,A123,38,A141,A152,2,A173,0,1,1
159,1,0,6,A34,A43,1898,0,4,1,1,A101,2,A121,34,A143,A152,2,A172,1,0,1
160,1,0,24,A34,A43,2872,2,6,3,1,A101,4,A121,36,A143,A152,1,A173,1,1,1
161,1,0,18,A34,A40,1055,1,1,4,0,A101,1,A122,30,A143,A152,2,A173,0,0,1
162,1,0,15,A32,A44,1262,3,5,4,1,A101,3,A122,36,A143,A152,2,A173,0,1,1
163,1,2,10,A32,A40,7308,1,0,2,1,A101,4,A124,70,A141,A153,1,A174,0,1,1
164,1,0,36,A32,A40,909,3,6,4,1,A101,4,A122,36,A143,A152,1,A173,0,0,1
165,1,0,6,A32,A42,2978,3,4,1,1,A101,2,A123,32,A143,A152,1,A173,0,1,1
166,0,1,18,A32,A42,1131,1,0,4,0,A101,2,A123,33,A143,A152,1,A173,0,0,1
167,1,2,11,A32,A42,1577,4,1,4,0,A101,1,A121,20,A143,A152,1,A173,0,0,1
168,1,0,24,A32,A42,3972,1,5,2,0,A101,4,A122,25,A143,A151,1,A173,0,1,1
169,0,2,24,A34,A49,1935,1,6,4,1,A101,4,A121,31,A143,A152,2,A173,0,1,1
170,0,1,15,A30,A40,950,1,6,4,1,A101,3,A123,33,A143,A151,2,A173,1,0,1
171,1,0,12,A32,A42,763,1,4,4,0,A101,1,A121,26,A143,A152,1,A173,0,1,1
172,0,2,24,A33,A42,2064,1,0,3,0,A101,2,A122,34,A143,A152,1,A174,0,1,1
173,1,2,8,A32,A43,1414,1,4,4,1,A103,2,A121,33,A143,A152,1,A173,0,0,0
174,0,1,21,A33,A46,3414,1,1,2,1,A101,1,A122,26,A143,A152,2,A173,0,0,1
175,0,0,30,A31,A41,7485,0,0,4,0,A101,1,A121,53,A141,A152,1,A174,0,1,1
176,1,1,12,A32,A42,2577,1,4,2,1,A101,1,A123,42,A143,A152,1,A173,0,0,1
177,1,1,6,A34,A43,338,3,6,4,1,A101,4,A123,52,A143,A152,2,A173,0,0,1
178,1,0,12,A32,A43,1963,1,5,4,1,A101,2,A123,31,A143,A151,2,A174,1,1,1
179,1,1,21,A34,A40,571,1,6,4,1,A101,4,A121,65,A143,A152,2,A173,0,0,1
180,0,0,36,A33,A49,9572,1,1,1,1,A101,1,A123,28,A143,A152,2,A173,0,0,1
181,0,2,36,A33,A49,4455,1,4,2,1,A101,2,A121,30,A142,A152,2,A174,0,1,1
182,0,1,21,A31,A40,1647,0,4,4,1,A101,2,A122,40,A143,A152,2,A172,1,0,1
183,1,0,24,A34,A42,3777,4,4,4,1,A101,4,A121,50,A143,A152,1,A173,0,1,1
184,0,2,18,A34,A40,884,1,6,4,1,A101,4,A123,36,A141,A152,1,A173,1,1,1
185,1,0,15,A34,A43,1360,1,4,4,1,A101,2,A122,31,A143,A152,2,A173,0,0,1
186,0,2,9,A31,A41,5129,1,6,2,0,A101,4,A124,74,A141,A153,1,A174,1,1,1
187,1,2,16,A34,A40,1175,1,0,2,1,A101,3,A123,68,A143,A153,3,A171,0,1,1
188,0,1,12,A32,A43,674,2,5,4,1,A101,1,A122,20,A143,A152,1,A173,0,0,1
189,1,2,18,A30,A42,3244,1,4,1,0,A101,4,A123,33,A141,A152,2,A173,0,1,1
190,0,0,24,A32,A49,4591,4,4,2,1,A101,3,A122,54,A143,A152,3,A174,0,1,1
191,0,2,48,A30,A49,3844,2,5,4,1,A101,4,A124,34,A143,A153,1,A172,1,0,1
192,0,2,27,A32,A49,3915,1,4,4,1,A101,2,A123,36,A143,A152,1,A173,1,1,1
193,1,0,6,A32,A43,2108,1,5,2,1,A101,2,A121,29,A143,A151,1,A173,0,0,1
194,0,2,45,A32,A43,3031,2,4,4,1,A103,4,A122,21,A143,A151,1,A173,0,0,1
195,0,2,9,A34,A46,1501,1,6,2,0,A101,3,A123,34,A143,A152,2,A174,0,1,1
196,1,0,6,A34,A43,1382,1,4,1,0,A101,1,A123,28,A143,A152,2,A173,0,1,1
197,0,2,12,A32,A42,951,2,1,4,0,A101,4,A123,27,A141,A151,4,A173,0,0,1
198,1,2,24,A32,A41,2760,0,6,4,1,A101,4,A124,36,A141,A153,1,A173,0,1,1
199,0,2,18,A33,A42,4297,1,6,4,1,A101,3,A124,40,A143,A152,1,A174,0,1,1
200,1,0,9,A34,A46,936,3,6,4,1,A101,2,A123,52,A143,A152,2,A173,0,1,1
201,1,1,12,A32,A40,1168,1,4,4,1,A101,3,A121,27,A143,A152,1,A172,0,0,1
202,1,0,27,A33,A49,5117,1,5,3,1,A101,4,A123,26,A143,A152,2,A173,0,0,1
203,0,1,12,A32,A48,902,1,5,4,1,A101,4,A122,21,A143,A151,1,A173,0,0,1
204,1,0,12,A34,A40,1495,1,6,4,1,A101,1,A121,38,A143,A152,2,A172,1,0,1
205,1,1,30,A34,A41,10623,1,6,3,1,A101,4,A124,38,A143,A153,3,A174,1,1,1
206,1,0,12,A34,A42,1935,1,6,4,1,A101,4,A121,43,A143,A152,3,A173,0,1,1
207,1,2,12,A34,A44,1424,1,5,4,1,A101,3,A122,26,A143,A152,1,A173,0,0,1
208,1,1,24,A32,A49,6568,1,4,2,1,A101,2,A123,21,A142,A152,1,A172,0,0,1
209,1,0,12,A32,A41,1413,4,5,3,1,A101,2,A122,55,A143,A152,1,A173,0,0,0
210,1,0,9,A34,A43,3074,0,4,1,1,A101,2,A121,33,A143,A152,2,A173,1,0,1
211,1,0,36,A32,A43,3835,0,6,2,0,A101,4,A121,45,A143,A152,1,A172,0,1,1
212,0,1,27,A30,A49,5293,1,0,2,1,A101,4,A122,50,A142,A152,2,A173,0,1,1
213,0,3,30,A33,A49,1908,1,6,4,1,A101,4,A121,66,A143,A152,1,A174,0,1,1
214,1,0,36,A34,A43,3342,0,6,4,1,A101,2,A123,51,A143,A152,1,A173,0,1,1
215,1,2,6,A34,A48,932,0,5,1,0,A101,3,A122,39,A143,A152,2,A172,0,0,1
216,1,1,18,A30,A49,3104,1,5,3,1,A101,1,A122,31,A141,A152,1,A173,0,1,1
217,1,3,36,A32,A43,3913,1,4,2,1,A101,2,A121,23,A143,A152,1,A173,0,1,1
218,1,1,24,A32,A42,3021,1,4,2,1,A101,2,A121,24,A143,A151,1,A172,0,0,1
219,1,0,10,A32,A40,1364,1,4,2,0,A101,4,A123,64,A143,A152,1,A173,0,1,1
220,1,2,12,A32,A43,625,1,1,4,1,A103,1,A121,26,A141,A152,1,A172,0,0,1
221,1,1,12,A32,A46,1200,0,4,4,0,A101,4,A122,23,A141,A151,1,A173,0,1,1
222,1,0,12,A32,A43,707,1,4,4,1,A101,2,A121,30,A141,A152,2,A173,0,0,1
223,1,0,24,A33,A49,2978,0,4,4,1,A101,4,A121,32,A143,A152,2,A173,1,1,1
224,1,0,15,A32,A41,4657,1,4,3,1,A101,2,A123,30,A143,A152,1,A173,0,1,1
225,1,0,36,A30,A45,2613,1,4,4,1,A101,2,A123,27,A143,A152,2,A173,0,0,1
226,0,2,48,A32,A43,10961,4,5,1,1,A102,2,A124,27,A141,A152,2,A173,0,1,1
227,0,1,12,A32,A42,7865,1,6,4,1,A101,4,A124,53,A143,A153,1,A174,0,1,1
228,0,0,9,A32,A43,1478,1,5,4,1,A101,2,A123,22,A143,A152,1,A173,0,0,1
229,1,1,24,A32,A42,3149,1,1,4,1,A101,1,A124,22,A141,A153,1,A173,0,0,1
230,0,3,36,A32,A43,4210,1,4,4,1,A101,2,A123,26,A143,A152,1,A173,0,0,1
231,1,0,9,A32,A40,2507,3,6,2,1,A101,4,A124,51,A143,A153,1,A172,0,0,1
232,1,0,12,A32,A43,2141,2,5,3,1,A101,1,A124,35,A143,A152,1,A173,0,0,1
233,1,2,18,A32,A43,866,1,4,4,1,A103,2,A121,25,A143,A152,1,A172,0,0,1
234,1,0,4,A34,A43,1544,1,5,2,1,A101,1,A121,42,A143,A152,3,A172,1,0,1
235,0,1,24,A32,A43,1823,1,0,4,1,A101,2,A123,30,A142,A152,1,A174,1,0,1
236,0,2,6,A32,A40,14555,0,0,1,1,A101,2,A122,23,A143,A152,1,A171,0,1,1
237,0,2,21,A32,A49,2767,2,6,4,1,A101,2,A123,61,A141,A151,2,A172,0,0,1
238,1,0,12,A34,A43,1291,1,4,4,0,A101,2,A122,35,A143,A152,2,A173,0,0,1
239,1,1,30,A32,A43,2522,1,6,1,1,A103,3,A122,39,A143,A152,1,A173,1,0,1
240,0,1,24,A32,A40,915,0,6,4,0,A101,2,A123,29,A141,A152,1,A173,0,0,1
241,1,0,6,A32,A43,1595,1,5,3,1,A101,2,A122,51,A143,A152,1,A173,1,0,1
242,0,1,48,A30,A41,4605,1,6,3,1,A101,4,A124,24,A143,A153,2,A173,1,0,1
243,1,0,12,A34,A49,1185,1,4,3,0,A101,2,A121,27,A143,A152,2,A173,0,0,1
244,1,0,12,A31,A48,3447,3,4,4,0,A101,3,A121,35,A143,A152,1,A172,1,0,1
245,1,0,24,A32,A49,1258,1,5,4,1,A101,1,A121,25,A143,A152,1,A173,0,1,1
246,1,0,12,A34,A43,717,1,6,4,1,A101,4,A121,52,A143,A152,3,A173,0,0,1
247,1,0,6,A30,A40,1204,2,4,4,1,A101,1,A124,35,A141,A151,1,A173,0,0,0
248,1,3,24,A32,A42,1925,1,4,2,1,A101,2,A121,26,A143,A152,1,A173,0,0,1
249,0,0,18,A32,A43,433,1,0,3,0,A102,4,A121,22,A143,A151,1,A173,0,0,1
250,1,1,6,A34,A40,666,4,5,3,0,A101,4,A121,39,A143,A152,2,A172,0,1,1
251,1,3,12,A32,A42,2251,1,4,1,0,A101,2,A123,46,A143,A152,1,A172,0,0,1
252,0,2,30,A32,A40,2150,1,4,4,0,A103,2,A124,24,A141,A152,1,A173,0,0,1
253,1,0,24,A33,A42,4151,2,4,2,1,A101,3,A122,35,A143,A152,2,A173,0,0,1
254,1,2,9,A32,A42,2030,0,5,2,1,A101,1,A123,24,A143,A152,1,A173,0,1,1
255,1,2,60,A33,A43,7418,0,4,1,1,A101,1,A121,27,A143,A152,1,A172,0,0,1
256,1,0,24,A34,A43,2684,1,4,4,1,A101,2,A121,35,A143,A152,2,A172,0,0,1
257,0,1,12,A31,A43,2149,1,4,4,1,A101,1,A124,29,A143,A153,1,A173,0,0,1
258,1,0,15,A32,A41,3812,2,1,1,0,A101,4,A123,23,A143,A152,1,A173,0,1,1
259,1,0,11,A34,A43,1154,2,0,4,0,A101,4,A121,57,A143,A152,3,A172,0,0,1
260,1,1,12,A32,A42,1657,1,4,2,1,A101,2,A121,27,A143,A152,1,A173,0,0,1
261,1,1,24,A32,A43,1603,1,6,4,0,A101,4,A123,55,A143,A152,1,A173,0,0,1
262,1,1,18,A34,A40,5302,1,6,2,1,A101,4,A124,36,A143,A153,3,A174,0,1,1
263,1,0,12,A34,A46,2748,1,6,2,0,A101,4,A124,57,A141,A153,3,A172,0,0,1
264,1,0,10,A34,A40,1231,1,6,3,1,A101,4,A121,32,A143,A152,2,A172,1,0,0
265,0,2,15,A32,A43,802,1,6,4,1,A101,3,A123,37,A143,A152,1,A173,1,0,1
266,1,0,36,A34,A49,6304,0,6,4,1,A101,4,A121,36,A143,A152,2,A173,0,0,1
267,1,0,24,A32,A43,1533,1,1,4,0,A101,3,A123,38,A142,A152,1,A173,0,1,1
268,0,1,14,A32,A40,8978,1,6,1,1,A101,4,A122,45,A143,A152,1,A174,0,1,0
269,1,0,24,A32,A43,999,0,6,4,1,A101,2,A123,25,A143,A152,2,A173,0,0,1
270,1,0,18,A32,A40,2662,0,5,4,1,A101,3,A122,32,A143,A152,1,A173,0,0,0
271,1,0,12,A34,A42,1402,3,5,3,0,A101,4,A123,37,A143,A151,1,A173,0,1,1
272,1,2,48,A31,A40,12169,0,0,4,1,A102,4,A124,36,A143,A153,1,A174,0,1,1
273,0,2,48,A32,A43,3060,1,5,4,1,A101,4,A121,28,A143,A152,2,A173,0,0,1
274,0,1,30,A32,A45,11998,1,1,1,1,A101,1,A124,34,A143,A152,1,A172,0,1,1
275,1,0,9,A32,A43,2697,1,4,1,1,A101,2,A121,32,A143,A152,1,A173,1,0,1
276,1,0,18,A34,A43,2404,1,4,2,0,A101,2,A123,26,A143,A152,2,A173,0,0,1
277,1,1,12,A32,A42,1262,0,6,2,1,A101,4,A122,49,A143,A152,1,A172,0,1,1
278,0,0,6,A32,A42,4611,1,1,1,0,A101,4,A122,32,A143,A152,1,A173,0,0,1
279,1,0,24,A32,A43,1901,2,4,4,1,A101,4,A123,29,A143,A151,1,A174,0,1,1
280,1,0,15,A34,A41,3368,4,6,3,1,A101,4,A124,23,A143,A151,2,A173,0,1,1
281,1,0,12,A32,A42,1574,1,4,4,1,A101,2,A121,50,A143,A152,1,A173,0,0,1
282,1,3,18,A31,A43,1445,0,5,4,1,A101,4,A123,49,A141,A152,1,A172,0,0,1
283,1,0,15,A34,A42,1520,0,6,4,1,A101,4,A122,63,A143,A152,1,A173,0,0,1
284,1,2,24,A34,A40,3878,2,1,4,1,A101,2,A123,37,A143,A152,1,A173,0,1,1
285,1,1,47,A32,A40,10722,1,1,1,0,A101,1,A121,35,A143,A152,1,A172,0,1,1
286,1,1,48,A32,A41,4788,1,5,4,1,A101,3,A122,26,A143,A152,1,A173,1,0,1
287,1,2,48,A33,A410,7582,2,0,2,1,A101,4,A124,31,A143,A153,1,A174,0,1,1
288,1,2,12,A32,A43,1092,1,4,4,0,A103,4,A121,49,A143,A152,2,A173,0,1,1
289,0,1,24,A33,A43,1024,1,1,4,1,A101,4,A121,48,A142,A152,1,A173,0,0,1
290,1,0,12,A32,A49,1076,1,4,2,1,A101,2,A121,26,A143,A152,1,A173,0,1,0
291,0,2,36,A32,A41,9398,1,1,1,1,A101,4,A123,28,A143,A151,1,A174,0,1,1
292,1,1,24,A34,A41,6419,1,6,2,0,A101,4,A124,44,A143,A153,2,A174,1,1,1
293,1,3,42,A34,A41,4796,1,6,4,1,A101,4,A124,56,A143,A153,1,A173,0,0,1
294,1,0,48,A34,A49,7629,0,6,4,1,A101,2,A123,46,A141,A152,2,A174,1,0,1
295,0,2,48,A32,A42,9960,1,1,1,0,A101,2,A123,26,A143,A152,1,A173,0,1,1
296,1,0,12,A32,A41,4675,0,1,1,0,A101,4,A123,20,A143,A151,1,A173,0,0,1
297,1,0,10,A32,A40,1287,0,6,4,1,A102,2,A122,45,A143,A152,1,A172,0,0,0
298,1,0,18,A32,A42,2515,1,4,3,1,A101,4,A121,43,A143,A152,1,A173,0,1,1
299,1,2,21,A34,A42,2745,4,5,3,1,A101,2,A123,32,A143,A152,2,A173,0,1,1
300,1,0,6,A32,A40,672,1,0,1,0,A101,4,A121,54,A143,A152,1,A171,0,1,1
301,0,2,36,A30,A43,3804,1,4,4,0,A101,1,A123,42,A143,A152,1,A173,0,1,1
302,0,3,24,A34,A40,1344,0,5,4,1,A101,2,A121,37,A141,A152,2,A172,1,0,1
303,1,1,10,A34,A40,1038,1,5,4,1,A102,3,A122,49,A143,A152,2,A173,0,1,1
304,0,0,48,A34,A40,10127,3,4,2,1,A101,2,A124,44,A141,A153,1,A173,0,0,1
305,1,0,6,A32,A42,1543,4,4,4,1,A101,2,A121,33,A143,A152,1,A173,0,0,1
306,1,0,30,A32,A41,4811,0,5,2,0,A101,4,A122,24,A142,A151,1,A172,0,0,1
307,0,1,12,A32,A43,727,2,1,4,1,A101,3,A124,33,A143,A152,1,A172,0,1,1
308,0,2,8,A32,A42,1237,1,4,3,0,A101,4,A121,24,A143,A152,1,A173,0,0,1
309,1,2,9,A32,A40,276,1,4,4,1,A101,4,A121,22,A143,A151,1,A172,0,0,1
310,1,2,48,A32,A410,5381,0,0,3,1,A101,4,A124,40,A141,A153,1,A171,0,1,1
311,1,0,24,A32,A42,5511,2,4,4,1,A101,1,A123,25,A142,A152,1,A173,0,0,1
312,1,3,24,A32,A42,3749,1,1,2,0,A101,4,A123,26,A143,A152,1,A173,0,0,1
313,0,2,12,A32,A40,685,1,5,2,1,A101,3,A123,25,A141,A152,1,A172,0,0,1
314,1,3,4,A32,A40,1494,0,1,1,1,A101,2,A121,29,A143,A152,1,A172,1,0,0
315,0,1,36,A31,A42,2746,1,6,4,1,A101,4,A123,31,A141,A152,1,A173,0,0,1
316,1,1,12,A32,A42,708,1,4,2,1,A103,3,A122,38,A143,A152,1,A172,1,0,1
317,1,2,24,A32,A42,4351,0,4,1,0,A101,4,A122,48,A143,A152,1,A172,0,1,1
318,1,0,12,A34,A46,701,1,4,4,1,A101,2,A123,32,A143,A152,2,A173,0,0,1
319,1,1,15,A33,A42,3643,1,6,1,0,A101,4,A122,27,A143,A152,2,A172,0,0,1
320,0,2,30,A34,A40,4249,1,0,4,1,A101,2,A123,28,A143,A152,2,A174,0,0,1
321,0,1,24,A32,A43,1938,1,1,4,1,A101,3,A122,32,A143,A152,1,A173,0,0,1
322,1,1,24,A32,A41,2910,1,5,2,1,A101,1,A124,34,A143,A153,1,A174,0,1,1
323,1,1,18,A32,A42,2659,4,4,4,1,A101,2,A123,28,A143,A152,1,A173,0,0,1
324,1,0,18,A34,A40,1028,1,4,4,0,A101,3,A121,36,A143,A152,2,A173,0,0,1
325,1,1,8,A34,A40,3398,1,5,1,1,A101,4,A121,39,A143,A152,2,A172,0,0,0
326,1,0,12,A34,A42,5801,0,6,2,1,A101,4,A122,49,A143,A151,1,A173,0,1,1
327,1,0,24,A32,A40,1525,4,5,4,0,A101,3,A123,34,A143,A152,1,A173,1,1,1
328,1,3,36,A32,A43,4473,1,6,4,1,A101,2,A123,31,A143,A152,1,A173,0,0,1
329,1,2,6,A32,A43,1068,1,6,4,1,A101,4,A123,28,A143,A152,1,A173,1,0,1
330,1,1,24,A34,A41,6615,1,0,2,1,A101,4,A124,75,A143,A153,2,A174,0,1,1
331,0,0,18,A34,A46,1864,2,4,4,0,A101,2,A121,30,A143,A152,2,A173,0,0,1
332,0,2,60,A32,A40,7408,2,1,4,0,A101,2,A122,24,A143,A152,1,A174,0,0,1
333,0,0,48,A34,A41,11590,2,4,2,0,A101,4,A123,24,A141,A151,2,A172,0,0,1
334,0,1,24,A30,A42,4110,1,6,3,1,A101,4,A124,23,A141,A151,2,A173,1,0,1
335,0,1,6,A34,A42,3384,1,4,1,1,A101,4,A121,44,A143,A151,1,A174,0,1,1
336,1,2,13,A32,A43,2101,1,1,2,0,A103,4,A122,23,A143,A152,1,A172,0,0,1
337,0,1,15,A32,A44,1275,0,4,4,0,A101,2,A123,24,A143,A151,1,A173,0,0,1
338,1,1,24,A32,A42,4169,1,4,4,1,A101,4,A122,28,A143,A152,1,A173,0,0,1
339,1,2,10,A32,A42,1521,1,4,4,1,A101,2,A123,31,A143,A152,1,A172,0,0,1
340,1,2,24,A34,A46,5743,1,1,2,0,A101,4,A124,24,A143,A153,2,A173,0,1,1
341,1,1,21,A32,A42,3599,1,5,1,0,A101,4,A123,26,A143,A151,1,A172,0,0,1
342,1,2,18,A32,A43,3213,3,1,1,1,A101,3,A121,25,A143,A151,1,A173,0,0,1
343,1,2,18,A32,A49,4439,1,6,1,1,A102,1,A121,33,A141,A152,1,A174,0,1,1
344,1,3,10,A32,A40,3949,1,1,1,1,A103,1,A122,37,A143,A152,1,A172,1,0,1
345,1,0,15,A34,A43,1459,1,4,4,0,A101,2,A123,43,A143,A152,1,A172,0,0,1
346,1,2,13,A34,A43,882,1,1,4,1,A103,4,A121,23,A143,A152,2,A173,0,0,1
347,1,2,24,A32,A43,3758,3,0,1,0,A101,4,A124,23,A143,A151,1,A171,0,0,1
348,1,0,6,A33,A49,1743,2,4,1,1,A101,2,A121,34,A143,A152,2,A172,0,0,1
349,0,2,9,A34,A46,1136,4,6,4,1,A101,3,A124,32,A143,A153,2,A173,1,0,1
350,1,0,9,A32,A44,1236,1,1,1,0,A101,4,A121,23,A143,A151,1,A173,0,1,1
351,0,2,9,A32,A42,959,1,4,1,0,A101,2,A123,29,A143,A152,1,A173,0,0,0
352,1,0,18,A34,A41,3229,0,0,2,1,A101,4,A124,38,A143,A152,1,A174,0,1,1
353,0,1,12,A30,A43,6199,1,4,4,1,A101,2,A122,28,A143,A151,2,A173,0,1,1
354,1,0,10,A32,A46,727,3,6,4,1,A101,4,A124,46,A143,A153,1,A173,0,1,1
355,0,2,24,A32,A40,1246,1,1,4,1,A101,2,A121,23,A142,A152,1,A172,0,0,1
356,1,0,12,A34,A43,2331,0,6,1,1,A102,4,A121,49,A143,A152,1,A173,0,1,1
357,0,0,36,A33,A43,4463,1,4,4,1,A101,2,A123,26,A143,A152,2,A174,0,1,1
358,1,0,12,A32,A43,776,1,4,4,1,A101,2,A121,28,A143,A152,1,A173,0,0,1
359,0,1,30,A32,A42,2406,1,5,4,0,A101,4,A121,23,A143,A151,1,A173,0,0,1
360,1,2,18,A32,A46,1239,0,4,4,1,A101,4,A124,61,A143,A153,1,A173,0,0,1
361,1,3,12,A32,A43,3399,0,6,2,1,A101,3,A123,37,A143,A152,1,A174,0,0,1
362,1,3,12,A33,A40,2247,1,4,2,0,A101,2,A123,36,A142,A152,2,A173,0,1,1
363,1,0,6,A32,A42,1766,1,4,1,1,A101,2,A122,21,A143,A151,1,A173,0,0,1
364,0,1,18,A32,A42,2473,1,0,4,1,A101,1,A123,25,A143,A152,1,A171,0,0,1
365,1,0,12,A32,A49,1542,1,5,2,1,A101,4,A123,36,A143,A152,1,A173,0,1,1
366,1,0,18,A34,A41,3850,1,5,3,1,A101,1,A123,27,A143,A152,2,A173,0,0,1
367,1,1,18,A32,A42,3650,1,1,1,0,A101,4,A123,22,A143,A151,1,A173,0,0,1
368,0,1,36,A32,A42,3446,1,6,4,1,A101,2,A123,42,A143,A152,1,A173,1,0,1
369,1,2,18,A32,A42,3001,1,5,2,0,A101,4,A121,40,A143,A151,1,A173,0,0,1
370,1,0,36,A32,A40,3079,0,4,4,1,A101,4,A121,36,A143,A152,1,A173,0,0,1
371,1,0,18,A34,A43,6070,1,6,3,1,A101,4,A123,33,A143,A152,2,A173,0,1,1
372,1,0,10,A34,A42,2146,1,1,1,0,A101,3,A121,23,A143,A151,2,A173,0,0,1
373,1,0,60,A34,A40,13756,0,6,2,1,A101,4,A124,63,A141,A153,1,A174,0,1,1
374,0,2,60,A31,A410,14782,2,6,3,0,A101,4,A124,60,A141,A153,2,A174,0,1,1
375,0,1,48,A31,A49,7685,1,5,2,0,A103,4,A123,37,A143,A151,1,A173,0,0,1
376,1,0,18,A33,A43,2320,1,0,2,1,A101,3,A121,34,A143,A152,2,A173,0,0,1
377,1,0,7,A33,A43,846,0,6,3,1,A101,4,A124,36,A143,A153,1,A173,0,0,1
378,0,2,36,A32,A40,14318,1,6,4,1,A101,2,A124,57,A143,A153,1,A174,0,1,1
379,1,0,6,A34,A40,362,2,4,4,0,A101,4,A123,52,A143,A152,2,A172,0,0,1
380,1,1,20,A32,A42,2212,0,5,4,1,A101,4,A123,39,A143,A152,1,A173,0,1,1
381,0,2,18,A32,A41,12976,1,0,3,0,A101,4,A124,38,A143,A153,1,A174,0,1,1
382,1,0,22,A32,A40,1283,0,5,4,0,A101,4,A122,25,A143,A151,1,A173,0,0,1
383,1,3,12,A32,A40,1330,1,1,4,1,A101,1,A121,26,A143,A152,1,A173,0,0,1
384,1,0,30,A33,A49,4272,2,4,2,1,A101,2,A122,26,A143,A152,2,A172,0,0,1
385,1,0,18,A34,A43,2238,1,4,2,0,A101,1,A123,25,A143,A152,2,A173,0,0,1
386,1,0,18,A32,A43,1126,0,1,4,0,A101,2,A121,21,A143,A151,1,A173,0,1,1
387,1,2,18,A34,A42,7374,1,0,4,1,A101,4,A122,40,A142,A152,2,A174,0,1,1
388,1,2,15,A34,A49,2326,3,4,2,1,A101,4,A123,27,A141,A152,1,A173,0,0,1
389,1,0,9,A32,A49,1449,1,5,3,0,A101,2,A123,27,A143,A152,2,A173,0,0,1
390,1,0,18,A32,A40,1820,1,4,2,1,A101,2,A122,30,A143,A152,1,A174,0,1,1
391,1,2,12,A32,A42,983,4,1,1,0,A101,4,A121,19,A143,A151,1,A172,0,0,1
392,1,1,36,A32,A40,3249,1,5,2,1,A101,4,A124,39,A141,A153,1,A174,1,1,1
393,1,1,6,A34,A43,1957,1,5,1,0,A101,4,A123,31,A143,A152,1,A173,0,0,1
394,1,0,9,A34,A42,2406,1,0,2,1,A101,3,A123,31,A143,A152,1,A174,0,0,1
395,1,2,39,A33,A46,11760,2,5,2,1,A101,3,A124,32,A143,A151,1,A173,0,1,1
396,1,1,12,A32,A42,2578,1,0,3,0,A101,4,A124,55,A143,A153,1,A174,0,0,1
397,1,1,36,A34,A42,2348,1,4,3,1,A101,2,A122,46,A143,A152,2,A173,0,1,1
398,0,2,12,A32,A40,1223,1,6,1,1,A101,1,A121,46,A143,A151,2,A173,0,0,1
399,1,0,24,A34,A43,1516,4,4,4,0,A101,1,A121,43,A143,A152,2,A172,0,0,1
400,1,0,18,A32,A43,1473,1,1,3,1,A101,4,A121,39,A143,A152,1,A173,0,1,1
401,1,2,18,A34,A49,1887,0,4,4,1,A101,4,A121,28,A141,A152,2,A173,0,0,1
402,0,0,24,A33,A49,8648,1,1,2,1,A101,2,A123,27,A141,A152,2,A173,0,1,1
403,1,0,14,A33,A40,802,1,4,4,1,A101,2,A123,27,A143,A152,2,A172,0,0,1
404,1,2,18,A33,A40,2899,0,6,4,1,A101,4,A123,43,A143,A152,1,A173,1,0,1
405,0,2,24,A32,A43,2039,1,1,1,1,A101,1,A122,22,A143,A152,1,A173,0,1,1
406,1,0,24,A34,A41,2197,0,5,4,1,A101,4,A123,43,A143,A152,2,A173,1,1,1
407,1,1,15,A32,A43,1053,1,1,4,1,A101,2,A121,27,A143,A152,1,A173,0,0,0
408,1,0,24,A32,A43,3235,3,6,3,1,A101,2,A123,26,A143,A152,1,A174,0,1,1
409,0,3,12,A34,A40,939,3,5,4,1,A101,2,A121,28,A143,A152,3,A173,0,1,1
410,1,2,24,A32,A43,1967,1,6,4,0,A101,4,A123,20,A143,A152,1,A173,0,1,1
411,1,0,33,A34,A41,7253,1,5,3,1,A101,2,A123,35,A143,A152,2,A174,0,1,1
412,0,0,12,A34,A49,2292,1,0,4,1,A101,2,A123,42,A142,A152,2,A174,0,1,1
413,1,0,10,A32,A40,1597,3,4,3,1,A101,2,A124,40,A143,A151,1,A172,1,0,0
414,0,1,24,A32,A40,1381,0,4,4,0,A101,2,A122,35,A143,A152,1,A173,0,0,1
415,1,0,36,A34,A41,5842,1,6,2,1,A101,2,A122,35,A143,A152,2,A173,1,1,1
416,0,1,12,A32,A40,2579,1,1,4,1,A101,1,A121,33,A143,A152,1,A172,1,0,1
417,1,1,18,A33,A46,8471,0,4,1,0,A101,2,A123,23,A143,A151,2,A173,0,1,1
418,1,0,21,A32,A40,2782,3,5,1,0,A101,2,A123,31,A141,A152,1,A174,0,0,1
419,0,2,18,A32,A40,1042,0,4,4,0,A101,2,A122,33,A143,A152,1,A173,0,0,1
420,1,0,15,A32,A40,3186,4,5,2,0,A101,3,A123,20,A143,A151,1,A173,0,0,1
421,1,2,12,A32,A41,2028,0,4,4,1,A101,2,A123,30,A143,A152,1,A173,0,0,1
422,1,2,12,A34,A40,958,1,5,2,1,A101,3,A121,47,A143,A152,2,A172,1,0,1
423,1,0,21,A33,A42,1591,2,5,4,1,A101,3,A121,34,A143,A152,2,A174,0,0,1
424,0,2,12,A32,A42,2762,0,6,1,0,A101,2,A122,25,A141,A152,1,A173,0,1,1
425,1,2,18,A32,A41,2779,1,4,1,1,A101,3,A123,21,A143,A151,1,A173,0,1,1
426,1,0,28,A34,A43,2743,1,6,4,1,A101,2,A123,29,A143,A152,2,A173,0,0,1
427,1,0,18,A34,A43,1149,4,4,4,1,A101,3,A121,46,A143,A152,2,A173,0,0,1
428,1,0,9,A32,A42,1313,1,6,1,1,A101,4,A123,20,A143,A152,1,A173,0,0,1
429,0,1,18,A34,A45,1190,1,0,2,0,A101,4,A124,55,A143,A153,3,A171,1,0,1
430,1,0,5,A32,A49,3448,1,5,1,1,A101,4,A121,74,A143,A152,1,A172,0,0,1
431,0,2,24,A32,A410,11328,1,4,2,1,A102,3,A123,29,A141,A152,2,A174,0,1,1
432,1,1,6,A34,A42,1872,1,0,4,1,A101,4,A124,36,A143,A153,3,A174,0,1,1
433,1,0,24,A34,A45,2058,1,4,4,1,A101,2,A121,33,A143,A152,2,A173,0,1,1
434,1,1,9,A32,A42,2136,1,4,3,1,A101,2,A121,25,A143,A152,1,A173,0,0,1
435,0,2,12,A32,A43,1484,0,4,2,1,A101,1,A121,25,A143,A152,1,A173,0,1,1
436,1,0,6,A32,A45,660,3,5,2,1,A101,4,A121,23,A143,A151,1,A172,0,0,1
437,1,0,24,A34,A40,1287,4,6,4,0,A101,4,A121,37,A143,A152,2,A173,0,1,1
438,1,1,42,A34,A45,3394,1,0,4,1,A102,4,A123,65,A143,A152,2,A171,0,0,1
439,0,3,12,A31,A49,609,1,1,4,0,A101,1,A121,26,A143,A152,1,A171,0,0,1
440,1,0,12,A32,A40,1884,1,6,4,1,A101,4,A123,39,A143,A152,1,A174,0,1,1
441,1,1,12,A32,A42,1620,1,4,2,0,A102,3,A122,30,A143,A152,1,A173,0,0,1
442,1,2,20,A33,A410,2629,1,4,2,1,A101,3,A123,29,A141,A152,2,A173,0,1,1
443,0,0,12,A32,A46,719,1,6,4,1,A101,4,A123,41,A141,A152,1,A172,1,0,1
444,0,2,48,A34,A42,5096,1,4,2,0,A101,3,A123,30,A143,A152,1,A174,0,1,1
445,1,0,9,A34,A46,1244,0,6,4,0,A101,4,A122,41,A143,A151,2,A172,0,0,1
446,0,1,36,A32,A40,1842,1,1,4,0,A101,4,A123,34,A143,A152,1,A173,0,1,1
447,1,2,7,A32,A43,2576,1,4,2,1,A103,2,A121,35,A143,A152,1,A173,0,0,1
448,1,3,12,A32,A42,1424,0,6,3,0,A101,4,A121,55,A143,A152,1,A174,0,1,1
449,0,2,15,A33,A45,1512,4,4,3,1,A101,3,A122,61,A142,A152,2,A173,0,0,1
450,1,0,36,A34,A41,11054,0,4,4,1,A101,2,A123,30,A143,A152,1,A174,0,1,1
451,1,0,6,A32,A43,518,1,4,3,0,A101,1,A121,29,A143,A152,1,A173,0,0,1
452,1,0,12,A30,A42,2759,1,6,2,1,A101,4,A122,34,A143,A152,2,A173,0,0,1
453,1,0,24,A32,A41,2670,1,6,4,1,A101,4,A123,35,A143,A152,1,A174,0,1,1
454,0,1,24,A32,A40,4817,1,5,2,1,A102,3,A122,31,A143,A152,1,A173,0,1,1
455,1,0,24,A32,A41,2679,1,1,4,0,A101,1,A124,29,A143,A152,1,A174,0,1,1
456,1,1,11,A34,A40,3905,1,4,2,1,A101,2,A121,36,A143,A151,2,A173,1,0,1
457,0,1,12,A32,A41,3386,1,6,3,1,A101,4,A124,35,A143,A153,1,A173,0,1,1
458,1,1,6,A32,A44,343,1,1,4,0,A101,1,A121,27,A143,A152,1,A173,0,0,1
459,1,0,18,A32,A43,4594,1,1,3,1,A101,2,A123,32,A143,A152,1,A173,0,1,1
460,1,1,36,A32,A42,3620,1,4,1,1,A103,2,A122,37,A143,A152,1,A173,1,0,1
461,1,1,15,A32,A40,1721,1,1,2,1,A101,3,A121,36,A143,A152,1,A173,0,0,1
462,1,2,12,A32,A42,3017,1,1,3,0,A101,1,A121,34,A143,A151,1,A174,0,0,1
463,1,2,12,A32,A48,754,0,6,4,1,A101,4,A122,38,A143,A152,2,A173,0,0,1
464,1,0,18,A32,A49,1950,1,5,4,1,A101,1,A123,34,A142,A152,2,A173,0,1,1
465,1,1,24,A32,A41,2924,1,4,3,1,A103,4,A124,63,A141,A152,1,A173,1,1,1
466,0,1,24,A33,A43,1659,1,1,4,0,A101,2,A123,29,A143,A151,1,A172,0,1,1
467,1,0,48,A33,A43,7238,0,6,3,1,A101,3,A123,32,A141,A152,2,A173,1,0,1
468,1,0,33,A33,A49,2764,1,4,2,0,A101,2,A123,26,A143,A152,2,A173,0,1,1
469,1,0,24,A33,A41,4679,1,5,3,1,A101,3,A123,35,A143,A152,2,A172,0,1,1
470,0,2,24,A32,A43,3092,2,1,3,1,A101,2,A123,22,A143,A151,1,A173,0,1,1
471,0,1,6,A32,A46,448,1,1,4,0,A101,4,A122,23,A143,A152,1,A173,0,0,1
472,0,1,9,A32,A40,654,1,4,4,1,A101,3,A123,28,A143,A152,1,A172,0,0,1
473,1,0,6,A32,A48,1238,0,0,4,1,A101,4,A122,36,A143,A152,1,A174,1,1,1
474,0,2,18,A34,A43,1245,1,4,4,1,A101,2,A123,33,A143,A152,1,A173,0,0,1
475,0,1,18,A30,A42,3114,1,1,1,0,A101,4,A122,26,A143,A151,1,A173,0,0,1
476,1,0,39,A32,A41,2569,3,4,4,1,A101,4,A123,24,A143,A152,1,A173,0,0,1
477,1,3,24,A32,A43,5152,1,5,4,1,A101,2,A123,25,A141,A152,1,A173,0,0,1
478,1,2,12,A32,A49,1037,2,5,3,1,A101,4,A121,39,A143,A152,1,A172,0,0,1
479,1,1,15,A34,A42,1478,1,6,4,1,A101,4,A123,44,A143,A152,2,A173,1,1,1
480,1,2,12,A34,A43,3573,1,4,1,0,A101,1,A121,23,A143,A152,1,A172,0,0,1
481,1,2,24,A32,A40,1201,1,1,4,1,A101,1,A122,26,A143,A152,1,A173,0,0,1
482,1,1,30,A32,A42,3622,4,6,4,0,A101,4,A122,57,A143,A151,2,A173,0,1,1
483,1,0,15,A33,A42,960,4,5,3,0,A101,2,A122,30,A143,A152,2,A173,0,0,1
484,1,0,12,A34,A40,1163,3,4,4,1,A101,4,A121,44,A143,A152,1,A173,0,1,1
485,0,2,6,A33,A40,1209,1,0,4,1,A101,4,A122,47,A143,A152,1,A174,0,1,1
486,1,0,12,A32,A43,3077,1,4,2,1,A101,4,A123,52,A143,A152,1,A173,0,1,1
487,1,0,24,A32,A40,3757,1,6,4,0,A102,4,A124,62,A143,A153,1,A173,0,1,1
488,1,0,10,A32,A40,1418,2,4,3,1,A101,2,A121,35,A143,A151,1,A172,0,0,0
489,1,0,6,A32,A40,3518,1,4,2,1,A103,3,A122,26,A143,A151,1,A173,0,0,1
490,1,0,12,A34,A43,1934,1,6,2,1,A101,2,A124,26,A143,A152,2,A173,0,0,1
491,0,2,27,A30,A49,8318,1,6,2,0,A101,4,A124,42,A143,A153,2,A174,0,1,1
492,1,0,6,A34,A43,1237,2,4,1,0,A101,1,A122,27,A143,A152,2,A173,0,0,1
493,1,2,6,A32,A43,368,0,6,4,1,A101,4,A122,38,A143,A152,1,A173,0,0,1
494,1,1,12,A34,A40,2122,1,4,3,1,A101,2,A121,39,A143,A151,2,A172,1,0,0
495,0,1,24,A32,A42,2996,0,4,2,1,A101,4,A123,20,A143,A152,1,A173,0,0,1
496,0,2,36,A32,A42,9034,2,1,4,1,A102,1,A124,29,A143,A151,1,A174,0,1,1
497,1,0,24,A34,A42,1585,1,5,4,1,A101,3,A122,40,A143,A152,2,A173,0,0,1
498,1,2,18,A32,A43,1301,1,6,4,1,A103,2,A121,32,A143,A152,1,A172,0,0,1
499,1,3,6,A34,A40,1323,2,6,2,1,A101,4,A123,28,A143,A152,2,A173,1,1,1
500,0,1,24,A32,A40,3123,1,1,4,0,A101,1,A122,27,A143,A152,1,A173,0,0,1
501,1,1,36,A32,A41,5493,1,6,2,1,A101,4,A124,42,A143,A153,1,A173,1,0,1
502,1,3,9,A32,A43,1126,2,6,2,1,A101,4,A121,49,A143,A152,1,A173,0,0,1
503,0,2,24,A34,A43,1216,2,1,4,1,A101,4,A124,38,A141,A152,2,A173,1,0,1
504,0,1,24,A32,A40,1207,1,1,4,0,A101,4,A122,24,A143,A151,1,A173,0,0,1
505,0,0,10,A32,A40,1309,0,4,4,1,A103,4,A122,27,A143,A152,1,A172,0,0,1
506,1,3,15,A34,A41,2360,3,4,2,1,A101,2,A123,36,A143,A152,1,A173,0,1,1
507,0,2,15,A31,A40,6850,2,0,1,1,A101,2,A122,34,A143,A152,1,A174,1,1,1
508,1,0,24,A32,A43,1413,1,4,4,1,A101,2,A122,28,A143,A152,1,A173,0,0,1
509,1,0,39,A32,A41,8588,2,6,4,1,A101,2,A123,45,A143,A152,1,A174,0,1,1
510,0,1,12,A32,A40,759,1,5,4,1,A101,2,A121,26,A143,A152,1,A173,0,0,1
511,1,0,36,A32,A41,4686,1,4,2,1,A101,2,A124,32,A143,A153,1,A174,0,1,1
512,1,3,15,A32,A49,2687,1,5,2,1,A101,4,A122,26,A143,A151,1,A173,0,1,1
513,1,2,12,A33,A43,585,1,4,4,1,A102,4,A121,20,A143,A151,2,A173,0,0,1
514,1,0,24,A32,A40,2255,0,1,4,1,A101,1,A122,54,A143,A152,1,A173,0,0,1
515,1,1,6,A34,A40,609,1,5,4,0,A101,3,A122,37,A143,A152,2,A173,0,0,0
516,1,1,6,A34,A40,1361,1,1,2,1,A101,4,A121,40,A143,A152,1,A172,1,0,0
517,0,0,36,A34,A42,7127,1,1,2,0,A101,4,A122,23,A143,A151,2,A173,0,1,1
518,1,1,6,A32,A40,1203,2,6,3,1,A101,2,A122,43,A143,A152,1,A173,0,1,1
519,1,0,6,A34,A43,700,0,6,4,1,A101,4,A124,36,A143,A153,2,A173,0,0,1
520,1,0,24,A34,A45,5507,1,6,3,1,A101,4,A124,44,A143,A153,2,A173,0,0,1
521,0,1,18,A32,A43,3190,1,4,2,0,A101,2,A121,24,A143,A152,1,A173,0,0,1
522,0,1,48,A30,A42,7119,1,4,3,1,A101,4,A124,53,A143,A153,2,A173,1,0,1
523,1,0,24,A32,A41,3488,2,5,3,0,A101,4,A123,23,A143,A152,1,A173,0,0,1
524,1,2,18,A32,A43,1113,1,4,4,0,A103,4,A121,26,A143,A152,1,A172,1,0,1
525,1,2,26,A32,A41,7966,1,1,2,1,A101,3,A123,30,A143,A152,2,A173,0,0,1
526,1,0,15,A34,A46,1532,2,4,4,0,A101,3,A123,31,A143,A152,1,A173,0,0,1
527,1,0,4,A34,A43,1503,1,5,2,1,A101,1,A121,42,A143,A152,2,A172,1,0,1
528,0,1,36,A32,A43,2302,1,4,4,1,A101,4,A123,31,A143,A151,1,A173,0,0,1
529,1,1,6,A32,A40,662,1,1,3,1,A101,4,A121,41,A143,A152,1,A172,1,1,1
530,1,2,36,A32,A46,2273,1,5,3,1,A101,1,A123,32,A143,A152,2,A173,1,0,1
531,0,2,15,A32,A40,2631,2,4,2,0,A101,4,A123,28,A143,A151,2,A173,0,1,1
532,1,0,12,A33,A41,1503,1,4,4,1,A101,4,A121,41,A143,A151,1,A173,0,0,1
533,1,0,24,A32,A43,1311,2,5,4,1,A101,3,A122,26,A143,A152,1,A173,0,1,1
534,1,0,24,A32,A43,3105,0,1,4,1,A101,2,A123,25,A143,A152,2,A173,0,0,1
535,0,3,21,A34,A46,2319,1,1,2,1,A101,1,A123,33,A143,A151,1,A173,0,0,1
536,1,1,6,A32,A40,1374,0,0,4,0,A101,3,A122,75,A143,A152,1,A174,0,1,1
537,1,2,18,A34,A42,3612,1,6,3,0,A101,4,A122,37,A143,A152,1,A173,0,1,1
538,0,1,48,A32,A40,7763,1,6,4,1,A101,4,A124,42,A141,A153,1,A174,0,0,1
539,1,3,18,A32,A42,3049,1,1,1,0,A101,1,A122,45,A142,A152,1,A172,0,0,1
540,0,2,12,A32,A43,1534,1,1,1,1,A101,1,A121,23,A143,A151,1,A173,0,0,1
541,1,0,24,A33,A40,2032,1,6,4,1,A101,4,A124,60,A143,A153,2,A173,0,1,1
542,0,1,30,A32,A42,6350,0,6,4,1,A101,4,A122,31,A143,A152,1,A173,0,0,1
543,0,3,18,A32,A42,2864,1,4,2,1,A101,1,A121,34,A143,A152,1,A172,1,0,1
544,1,0,12,A34,A40,1255,1,6,4,1,A101,4,A121,61,A143,A152,2,A172,0,0,1
545,0,1,24,A33,A40,1333,1,0,4,1,A101,2,A121,43,A143,A153,2,A173,1,0,1
546,1,0,24,A34,A40,2022,1,4,4,0,A101,4,A123,37,A143,A152,1,A173,0,1,1
547,1,0,24,A32,A43,1552,1,5,3,1,A101,1,A123,32,A141,A152,1,A173,1,0,1
548,0,1,12,A31,A43,626,1,4,4,0,A101,4,A121,24,A141,A152,1,A172,0,0,1
549,1,0,48,A34,A41,8858,0,5,2,1,A101,1,A124,35,A143,A153,2,A173,0,1,1
550,1,0,12,A34,A45,996,0,5,4,0,A101,4,A121,23,A143,A152,2,A173,0,0,1
551,1,0,6,A31,A43,1750,3,6,2,1,A101,4,A122,45,A141,A152,1,A172,1,0,1
552,0,1,48,A32,A43,6999,1,5,1,1,A103,1,A121,34,A143,A152,2,A173,0,1,1
553,1,2,12,A34,A40,1995,2,1,4,1,A101,1,A123,27,A143,A152,1,A173,0,0,1
554,1,2,9,A32,A46,1199,1,5,4,0,A101,4,A122,67,A143,A152,2,A174,0,1,1
555,0,2,12,A32,A43,1331,1,1,2,1,A101,1,A123,22,A142,A152,1,A173,0,0,1
556,0,2,18,A30,A40,2278,2,1,3,0,A101,3,A123,28,A143,A152,2,A173,0,0,1
557,0,0,21,A30,A40,5003,0,4,1,0,A101,4,A122,29,A141,A152,2,A173,0,1,1
558,0,1,24,A31,A42,3552,1,5,3,1,A101,4,A123,27,A141,A152,1,A173,0,0,1
559,0,2,18,A34,A42,1928,1,1,2,1,A101,2,A121,31,A143,A152,2,A172,0,0,1
560,1,1,24,A32,A41,2964,0,6,4,1,A101,4,A124,49,A141,A153,1,A173,1,1,1
561,0,1,24,A31,A43,1546,1,5,4,1,A103,4,A123,24,A141,A151,1,A172,0,0,1
562,1,3,6,A33,A43,683,1,1,2,0,A101,1,A122,29,A141,A152,1,A173,0,0,1
563,0,2,36,A32,A40,12389,0,4,1,1,A101,4,A124,37,A143,A153,1,A173,0,1,1
564,1,2,24,A33,A49,4712,0,4,4,1,A101,2,A122,37,A141,A152,2,A174,0,1,1
565,1,2,24,A33,A43,1553,2,5,3,0,A101,2,A122,23,A143,A151,2,A173,0,1,1
566,0,1,12,A32,A40,1372,1,5,2,1,A101,3,A123,36,A143,A152,1,A173,0,0,1
567,1,0,24,A34,A43,2578,4,6,2,1,A101,2,A123,34,A143,A152,1,A173,0,0,1
568,1,2,48,A32,A43,3979,0,5,4,1,A101,1,A123,41,A143,A152,2,A173,1,1,1
569,0,1,48,A32,A43,6758,1,4,3,0,A101,2,A123,31,A143,A152,1,A173,0,1,1
570,0,1,24,A32,A42,3234,1,1,4,0,A101,4,A121,23,A143,A151,1,A172,0,1,1
571,1,0,30,A34,A43,5954,1,5,3,1,A102,2,A123,38,A143,A152,1,A173,0,0,1
572,1,0,24,A32,A41,5433,0,0,2,0,A101,4,A122,26,A143,A151,1,A174,0,1,1
573,1,1,15,A32,A49,806,1,4,4,0,A101,4,A122,22,A143,A152,1,A172,0,0,1
574,1,2,9,A32,A43,1082,1,6,4,1,A101,4,A123,27,A143,A152,2,A172,0,0,1
575,1,0,15,A34,A42,2788,1,5,2,0,A102,3,A123,24,A141,A152,2,A173,0,0,1
576,1,2,12,A32,A43,2930,1,5,2,0,A101,1,A121,27,A143,A152,1,A173,0,0,1
577,1,0,24,A34,A46,1927,0,4,3,0,A101,2,A123,33,A143,A152,2,A173,0,1,1
578,0,2,36,A34,A40,2820,1,1,4,1,A101,4,A123,27,A143,A152,2,A173,0,0,1
579,1,0,24,A32,A48,937,1,1,4,1,A101,3,A123,27,A143,A152,2,A172,0,0,1
580,0,2,18,A34,A40,1056,1,6,3,1,A103,3,A121,30,A141,A152,2,A173,0,0,1
581,1,2,12,A34,A40,3124,1,1,1,1,A101,3,A121,49,A141,A152,2,A172,1,0,1
582,1,0,9,A32,A42,1388,1,4,4,0,A101,2,A121,26,A143,A151,1,A173,0,0,1
583,0,2,36,A32,A45,2384,1,1,4,1,A101,1,A124,33,A143,A151,1,A172,0,0,1
584,1,0,12,A32,A40,2133,0,6,4,0,A101,4,A124,52,A143,A153,1,A174,0,1,1
585,0,1,18,A32,A42,2039,1,4,1,0,A101,4,A121,20,A141,A151,1,A173,0,0,1
586,1,1,9,A34,A40,2799,1,4,2,1,A101,2,A121,36,A143,A151,2,A173,1,0,1
587,1,1,12,A32,A42,1289,1,4,4,1,A103,1,A122,21,A143,A152,1,A172,0,0,1
588,0,1,18,A32,A44,1217,1,4,4,1,A101,3,A121,47,A143,A152,1,A172,0,1,1
589,0,1,12,A34,A42,2246,1,6,3,1,A101,3,A122,60,A143,A152,2,A173,0,0,1
590,1,1,12,A34,A43,385,1,5,4,0,A101,3,A121,58,A143,A152,4,A172,0,1,1
591,1,2,24,A33,A40,1965,0,4,4,0,A101,4,A123,42,A143,A151,2,A173,0,1,1
592,1,0,21,A32,A49,1572,4,6,4,0,A101,4,A121,36,A141,A152,1,A172,0,0,1
593,0,2,24,A32,A40,2718,1,4,3,0,A101,4,A122,20,A143,A151,1,A172,0,1,1
594,0,1,24,A31,A410,1358,0,6,4,1,A101,3,A123,40,A142,A152,1,A174,0,1,1
595,0,2,6,A31,A40,931,2,1,1,0,A101,1,A122,32,A142,A152,1,A172,0,0,1
596,0,1,24,A32,A40,1442,1,5,4,0,A101,4,A123,23,A143,A151,2,A173,0,0,1
597,0,2,24,A30,A49,4241,1,4,1,1,A101,4,A121,36,A143,A152,3,A172,0,1,1
598,0,0,18,A34,A40,2775,1,5,2,1,A101,2,A122,31,A141,A152,2,A173,0,0,1
599,1,0,24,A33,A49,3863,1,4,1,1,A101,2,A124,32,A143,A153,1,A173,0,0,1
600,1,2,7,A32,A43,2329,1,1,1,0,A103,1,A121,45,A143,A152,1,A173,0,0,1
601,0,2,9,A32,A42,918,1,4,4,0,A101,1,A122,30,A143,A152,1,A173,0,0,1
602,0,2,24,A31,A46,1837,1,5,4,0,A101,4,A124,34,A141,A153,1,A172,0,0,1
603,0,0,36,A32,A42,3349,1,4,4,0,A101,2,A123,28,A143,A152,1,A174,0,1,1
604,1,3,10,A32,A42,1275,1,1,4,0,A101,2,A122,23,A143,A152,1,A173,0,0,1
605,1,1,24,A31,A42,2828,3,4,4,1,A101,4,A121,22,A142,A152,1,A173,0,1,1
606,1,0,24,A34,A49,4526,1,4,3,1,A101,2,A121,74,A143,A152,1,A174,0,1,1
607,0,2,36,A32,A43,2671,2,4,4,0,A102,4,A124,50,A143,A153,1,A173,0,0,1
608,1,0,18,A32,A43,2051,1,1,4,1,A101,1,A121,33,A143,A152,1,A173,0,0,1
609,1,0,15,A32,A41,1300,0,6,4,1,A101,4,A124,45,A141,A153,1,A173,1,0,1
610,0,1,12,A32,A44,741,2,0,4,0,A101,3,A122,22,A143,A152,1,A173,0,0,1
611,0,3,10,A32,A40,1240,2,6,1,0,A101,4,A124,48,A143,A153,1,A172,1,0,1
612,1,1,21,A32,A43,3357,4,1,4,0,A101,2,A123,29,A141,A152,1,A173,0,0,1
613,1,1,24,A31,A41,3632,1,4,1,0,A103,4,A123,22,A141,A151,1,A173,0,0,0
614,0,0,18,A33,A42,1808,1,5,4,0,A101,1,A121,22,A143,A152,1,A173,0,0,1
615,1,2,48,A30,A49,12204,0,4,2,1,A101,2,A123,48,A141,A152,1,A174,0,1,1
616,1,2,60,A33,A43,9157,0,4,2,1,A101,2,A124,27,A143,A153,1,A174,0,0,1
617,1,1,6,A34,A40,3676,1,4,1,1,A101,3,A121,37,A143,A151,3,A173,1,0,1
618,0,2,30,A32,A42,3441,2,4,2,0,A102,4,A123,21,A143,A151,1,A173,0,0,1
619,1,0,12,A32,A40,640,1,4,4,1,A101,2,A121,49,A143,A152,1,A172,0,0,1
620,1,2,21,A34,A49,3652,1,5,2,1,A101,3,A122,27,A143,A152,2,A173,0,0,1
621,0,0,18,A34,A40,1530,1,4,3,1,A101,2,A122,32,A141,A152,2,A173,0,0,1
622,0,0,48,A32,A49,3914,0,4,4,1,A101,2,A121,38,A141,A152,1,A173,0,0,1
623,1,1,12,A32,A42,1858,1,1,4,0,A101,1,A123,22,A143,A151,1,A173,0,0,1
624,0,1,18,A32,A43,2600,1,4,4,1,A101,4,A124,65,A143,A153,2,A173,0,0,1
625,1,0,15,A32,A43,1979,0,6,4,1,A101,2,A123,35,A143,A152,1,A173,0,0,1
626,1,3,6,A32,A42,2116,1,4,2,1,A101,2,A121,41,A143,A152,1,A173,0,1,1
627,0,2,9,A31,A40,1437,2,5,2,1,A101,3,A124,29,A143,A152,1,A173,0,0,1
628,1,0,42,A34,A42,4042,3,4,4,1,A101,4,A121,36,A143,A152,2,A173,0,1,1
629,1,0,9,A32,A46,3832,0,6,1,1,A101,4,A121,64,A143,A152,1,A172,0,0,1
630,1,1,24,A32,A43,3660,1,4,2,0,A101,4,A123,28,A143,A152,1,A173,0,0,1
631,0,1,18,A31,A42,1553,1,4,4,1,A101,3,A123,44,A141,A152,1,A173,0,0,1
632,1,2,15,A32,A43,1444,0,1,4,1,A101,1,A122,23,A143,A152,1,A173,0,0,1
633,0,0,9,A32,A42,1980,1,1,2,0,A102,2,A123,19,A143,A151,2,A173,0,0,1
634,0,2,24,A32,A40,1355,1,1,3,0,A101,4,A123,25,A143,A152,1,A172,0,1,1
635,1,0,12,A32,A46,1393,1,6,4,1,A101,4,A122,47,A141,A152,3,A173,1,1,1
636,1,0,24,A32,A43,1376,3,5,4,0,A101,1,A123,28,A143,A152,1,A173,0,0,1
637,1,0,60,A33,A43,15653,1,5,2,1,A101,4,A123,21,A143,A152,2,A173,0,1,1
638,1,0,12,A32,A43,1493,1,1,4,0,A101,3,A123,34,A143,A152,1,A173,1,0,1
639,0,1,42,A33,A43,4370,1,5,3,1,A101,2,A122,26,A141,A152,2,A173,1,1,1
640,0,1,18,A32,A46,750,1,0,4,0,A101,1,A121,27,A143,A152,1,A171,0,0,1
641,1,2,15,A32,A45,1308,1,6,4,1,A101,4,A123,38,A143,A152,2,A172,0,0,1
642,0,0,15,A32,A46,4623,2,4,3,1,A101,2,A122,40,A143,A152,1,A174,0,1,1
643,1,0,24,A34,A43,1851,1,5,4,1,A103,2,A123,33,A143,A152,2,A173,0,1,1
644,1,1,18,A34,A43,1880,1,5,4,1,A101,1,A122,32,A143,A152,2,A174,0,1,1
645,0,0,36,A33,A49,7980,0,1,4,1,A101,4,A123,27,A143,A151,2,A173,0,1,1
646,1,1,30,A30,A42,4583,1,4,2,1,A103,2,A121,32,A143,A152,2,A173,0,0,1
647,0,0,12,A32,A40,1386,3,4,2,0,A101,2,A122,26,A143,A152,1,A173,0,0,1
648,0,3,24,A32,A40,947,1,5,4,1,A101,3,A124,38,A141,A153,1,A173,1,0,1
649,0,1,12,A32,A46,684,1,4,4,1,A101,4,A123,40,A143,A151,1,A172,1,0,1
650,1,1,48,A32,A46,7476,1,5,4,1,A101,1,A124,50,A143,A153,1,A174,0,1,1
651,0,2,12,A32,A42,1922,1,4,4,1,A101,2,A122,37,A143,A152,1,A172,0,0,1
652,0,1,24,A32,A40,2303,1,6,4,1,A102,1,A121,45,A143,A152,1,A173,0,0,1
653,0,2,36,A33,A40,8086,2,6,2,1,A101,4,A123,42,A143,A152,4,A174,0,1,1
654,1,0,24,A34,A41,2346,1,5,4,1,A101,3,A123,35,A143,A152,2,A173,0,1,1
655,1,1,14,A32,A40,3973,1,0,1,1,A101,4,A124,22,A143,A153,1,A173,0,0,1
656,0,2,12,A32,A40,888,1,6,4,1,A101,4,A123,41,A141,A152,1,A172,1,0,1
657,1,0,48,A32,A43,10222,0,5,4,1,A101,3,A123,37,A142,A152,1,A173,0,1,1
658,1,2,30,A30,A49,4221,1,4,2,0,A101,1,A123,28,A143,A152,2,A173,0,0,1
659,1,2,18,A34,A42,6361,1,6,2,1,A101,1,A124,41,A143,A152,1,A173,0,1,1
660,1,3,12,A32,A43,1297,1,4,3,1,A101,4,A121,23,A143,A151,1,A173,0,0,1
661,0,1,12,A32,A40,900,0,4,4,1,A101,2,A123,23,A143,A152,1,A173,0,0,1
662,1,0,21,A32,A42,2241,1,6,4,1,A101,2,A121,50,A143,A152,2,A173,0,0,1
663,1,2,6,A33,A42,1050,1,0,4,1,A101,1,A122,35,A142,A152,2,A174,0,1,1
664,1,3,6,A34,A46,1047,1,4,2,0,A101,4,A122,50,A143,A152,1,A172,0,0,1
665,1,0,24,A34,A410,6314,1,0,4,1,A102,2,A124,27,A141,A152,2,A174,0,1,1
666,1,2,30,A31,A42,3496,4,4,4,1,A101,2,A123,34,A142,A152,1,A173,1,1,1
667,1,0,48,A31,A49,3609,1,4,1,0,A101,1,A121,27,A142,A152,1,A173,0,0,1
668,0,1,12,A34,A40,4843,1,6,3,1,A102,4,A122,43,A143,A151,2,A173,0,1,1
669,1,3,30,A34,A43,3017,1,6,4,1,A101,4,A122,47,A143,A152,1,A173,0,0,1
670,1,0,24,A34,A49,4139,2,4,3,1,A101,3,A122,27,A143,A152,2,A172,0,1,1
671,1,0,36,A32,A49,5742,2,5,2,1,A101,2,A123,31,A143,A152,2,A173,0,1,1
672,1,0,60,A32,A40,10366,1,6,2,1,A101,4,A122,42,A143,A152,1,A174,0,1,1
673,1,0,6,A34,A40,2080,3,4,1,1,A101,2,A123,24,A143,A152,1,A173,0,0,1
674,0,0,21,A33,A49,2580,3,1,4,1,A101,2,A121,41,A141,A152,1,A172,1,0,1
675,1,0,30,A34,A43,4530,1,5,4,0,A101,4,A123,26,A143,A151,1,A174,0,1,1
676,1,0,24,A34,A42,5150,1,6,4,1,A101,4,A123,33,A143,A152,1,A173,0,1,1
677,0,2,72,A32,A43,5595,2,4,2,1,A101,2,A123,24,A143,A152,1,A173,0,0,1
678,1,1,24,A32,A43,2384,1,6,4,1,A101,4,A121,64,A141,A151,1,A172,0,0,1
679,1,0,18,A32,A43,1453,1,1,3,0,A101,1,A121,26,A143,A152,1,A173,0,0,1
680,1,0,6,A32,A46,1538,1,1,1,0,A101,2,A124,56,A143,A152,1,A173,0,0,1
681,1,0,12,A32,A43,2279,0,4,4,1,A101,4,A124,37,A143,A153,1,A173,0,1,1
682,1,0,15,A33,A43,1478,1,4,4,1,A101,3,A121,33,A141,A152,2,A173,0,0,1
683,1,0,24,A34,A43,5103,1,1,3,1,A101,3,A124,47,A143,A153,3,A173,0,1,1
684,1,2,36,A33,A49,9857,2,5,1,1,A101,3,A122,31,A143,A152,2,A172,1,1,1
685,1,0,60,A32,A40,6527,0,4,4,1,A101,4,A124,34,A143,A153,1,A173,1,1,1
686,1,3,10,A34,A43,1347,0,5,4,1,A101,2,A122,27,A143,A152,2,A173,0,1,1
687,1,2,36,A33,A40,2862,2,6,4,1,A101,3,A124,30,A143,A153,1,A173,0,0,1
688,1,0,9,A32,A43,2753,2,6,3,1,A102,4,A123,35,A143,A152,1,A173,0,1,1
689,1,1,12,A32,A40,3651,4,4,1,1,A101,3,A122,31,A143,A152,1,A173,1,0,1
690,1,1,15,A34,A42,975,1,4,2,1,A101,3,A122,25,A143,A152,2,A173,0,0,1
691,1,2,15,A32,A45,2631,2,4,3,0,A101,2,A121,25,A143,A152,1,A172,0,0,1
692,1,2,24,A32,A43,2896,2,1,2,1,A101,1,A123,29,A143,A152,1,A173,0,0,1
693,1,1,6,A34,A40,4716,0,1,1,1,A101,3,A121,44,A143,A152,2,A172,1,0,1
694,1,0,24,A32,A43,2284,1,5,4,1,A101,2,A123,28,A143,A152,1,A173,0,1,1
695,1,0,6,A32,A41,1236,3,4,2,1,A101,4,A122,50,A143,A151,1,A173,0,0,1
696,1,2,12,A32,A43,1103,1,5,4,1,A103,3,A121,29,A143,A152,2,A173,0,0,0
697,1,0,12,A34,A40,926,1,0,1,0,A101,2,A122,38,A143,A152,1,A171,0,0,1
698,1,0,18,A34,A43,1800,1,4,4,1,A101,2,A123,24,A143,A152,2,A173,0,0,1
699,1,3,15,A32,A46,1905,1,6,4,1,A101,4,A123,40,A143,A151,1,A174,0,1,1
700,0,0,12,A32,A42,1123,3,4,4,0,A101,4,A123,29,A143,A151,1,A172,0,0,1
701,0,1,48,A34,A41,6331,1,6,4,1,A101,4,A124,46,A143,A153,2,A173,0,1,1
702,1,3,24,A32,A43,1377,2,6,4,0,A101,2,A124,47,A143,A153,1,A173,0,1,1
703,1,2,30,A33,A49,2503,2,6,4,1,A101,2,A122,41,A142,A152,2,A173,0,0,1
704,1,2,27,A32,A49,2528,1,1,4,0,A101,1,A122,32,A143,A152,1,A173,1,1,1
705,1,0,15,A32,A40,5324,3,6,1,0,A101,4,A124,35,A143,A153,1,A173,0,0,1
706,0,2,48,A32,A40,6560,2,5,3,1,A101,2,A122,24,A143,A152,1,A173,0,0,1
707,0,2,12,A30,A42,2969,1,1,4,0,A101,3,A122,25,A143,A151,2,A173,0,0,1
708,1,2,9,A32,A43,1206,1,6,4,0,A101,4,A121,25,A143,A152,1,A173,0,0,1
709,1,2,9,A32,A43,2118,1,4,2,1,A101,2,A121,37,A143,A152,1,A172,1,0,1
710,1,0,18,A34,A43,629,3,6,4,1,A101,3,A122,32,A141,A152,2,A174,0,1,1
711,0,1,6,A31,A46,1198,1,6,4,0,A101,4,A124,35,A143,A153,1,A173,0,0,1
712,1,0,21,A32,A41,2476,0,6,4,1,A101,4,A121,46,A143,A152,1,A174,0,1,1
713,1,1,9,A34,A43,1138,1,4,4,1,A101,4,A121,25,A143,A152,2,A172,0,0,1
714,0,2,60,A32,A40,14027,1,5,4,1,A101,2,A124,27,A143,A152,1,A174,0,1,1
715,1,0,30,A34,A41,7596,0,6,1,1,A101,4,A123,63,A143,A152,2,A173,0,0,1
716,1,0,30,A34,A43,3077,0,6,3,1,A101,2,A123,40,A143,A152,2,A173,1,1,1
717,1,0,18,A32,A43,1505,1,4,4,1,A101,2,A124,32,A143,A153,1,A174,0,1,1
718,1,3,24,A34,A43,3148,0,4,3,1,A101,2,A123,31,A143,A152,2,A173,0,1,1
719,1,2,20,A30,A41,6148,2,6,3,1,A101,4,A123,31,A141,A152,2,A173,0,1,1
720,0,3,9,A30,A43,1337,1,1,4,1,A101,2,A123,34,A143,A152,2,A174,0,1,1
721,0,2,6,A31,A46,433,4,1,4,0,A101,2,A122,24,A141,A151,1,A173,1,0,1
722,0,1,12,A32,A40,1228,1,4,4,0,A101,2,A121,24,A143,A152,1,A172,0,0,1
723,1,2,9,A32,A43,790,3,4,4,0,A101,3,A121,66,A143,A152,1,A172,0,0,1
724,0,0,27,A32,A40,2570,1,4,3,0,A101,3,A121,21,A143,A151,1,A173,0,0,1
725,1,0,6,A34,A40,250,4,4,2,0,A101,2,A121,41,A141,A152,2,A172,0,0,1
726,1,0,15,A34,A43,1316,3,4,2,1,A101,2,A122,47,A143,A152,2,A172,0,0,1
727,0,1,18,A32,A43,1882,1,4,4,0,A101,4,A123,25,A141,A151,2,A173,0,0,1
728,0,2,48,A31,A49,6416,1,6,4,0,A101,3,A124,59,A143,A151,1,A173,0,0,1
729,1,3,24,A34,A49,1275,4,4,2,1,A101,4,A121,36,A143,A152,2,A173,0,1,1
730,1,2,24,A33,A43,6403,1,1,1,1,A101,2,A123,33,A143,A152,1,A173,0,0,1
731,0,1,24,A32,A43,1987,1,4,2,1,A101,4,A121,21,A143,A151,1,A172,1,0,1
732,1,2,8,A32,A43,760,1,5,4,0,A103,2,A121,44,A143,A152,1,A172,0,0,1
733,1,0,24,A32,A41,2603,4,4,2,0,A101,4,A123,28,A143,A151,1,A173,0,1,1
734,1,0,4,A34,A40,3380,1,5,1,0,A101,1,A121,37,A143,A152,1,A173,1,0,1
735,1,2,36,A31,A44,3990,0,1,3,0,A101,2,A124,29,A141,A152,1,A171,0,0,1
736,0,2,24,A32,A41,11560,1,4,1,0,A101,4,A123,23,A143,A151,2,A174,0,0,1
737,1,1,18,A32,A40,4380,2,4,3,1,A101,4,A123,35,A143,A152,1,A172,1,1,1
738,1,0,6,A34,A40,6761,1,5,1,1,A101,3,A124,45,A143,A152,2,A174,1,1,1
739,0,2,30,A30,A49,4280,2,4,4,0,A101,4,A123,26,A143,A151,2,A172,0,0,1
740,1,1,24,A31,A40,2325,2,5,2,1,A101,3,A123,32,A141,A152,1,A173,0,0,1
741,1,2,10,A31,A43,1048,1,4,4,1,A101,4,A121,23,A142,A152,1,A172,0,0,1
742,1,0,21,A32,A43,3160,0,6,4,1,A101,3,A122,41,A143,A152,1,A173,0,1,1
743,1,1,24,A31,A42,2483,3,4,4,1,A101,4,A121,22,A142,A152,1,A173,0,1,1
744,1,1,39,A34,A42,14179,0,5,4,1,A101,4,A122,30,A143,A152,2,A174,0,1,1
745,1,1,13,A34,A49,1797,1,1,3,1,A101,1,A122,28,A141,A152,2,A172,0,0,1
746,1,1,15,A32,A40,2511,1,0,1,0,A101,4,A123,23,A143,A151,1,A173,0,0,1
747,0,1,12,A32,A40,1274,1,1,3,0,A101,1,A121,37,A143,A152,1,A172,0,0,1
748,1,0,21,A32,A41,5248,0,4,1,1,A101,3,A123,26,A143,A152,1,A173,0,0,1
749,1,0,15,A32,A41,3029,1,5,2,1,A101,2,A123,33,A143,A152,1,A173,0,0,1
750,1,1,6,A32,A42,428,1,6,2,0,A101,1,A122,49,A141,A152,1,A173,0,1,1
751,0,1,18,A32,A40,976,1,1,1,0,A101,2,A123,23,A143,A152,1,A172,0,0,1
752,1,2,12,A32,A49,841,2,5,2,0,A101,4,A121,23,A143,A151,1,A172,0,0,1
753,1,0,30,A34,A43,5771,1,5,4,0,A101,2,A123,25,A143,A152,2,A173,0,0,1
754,0,0,12,A33,A45,1555,4,6,4,1,A101,4,A124,55,A143,A153,2,A173,1,0,1
755,0,1,24,A32,A40,1285,0,5,4,0,A101,4,A124,32,A143,A151,1,A173,0,0,1
756,1,3,6,A34,A40,1299,1,4,1,1,A101,1,A121,74,A143,A152,3,A171,1,0,0
757,0,3,15,A34,A43,1271,0,4,3,1,A101,4,A124,39,A143,A153,2,A173,0,1,1
758,1,0,24,A32,A40,1393,1,4,2,1,A103,2,A121,31,A143,A152,1,A173,0,1,1
759,0,1,12,A34,A40,691,1,6,4,1,A101,3,A122,35,A143,A152,2,A173,0,0,1
760,1,0,15,A34,A40,5045,0,6,1,0,A101,4,A123,59,A143,A152,1,A173,0,1,1
761,0,1,18,A34,A42,2124,1,4,4,0,A101,4,A121,24,A143,A151,2,A173,0,0,1
762,1,1,12,A32,A43,2214,1,4,4,1,A101,3,A122,24,A143,A152,1,A172,0,0,1
763,0,0,21,A34,A40,12680,0,6,4,1,A101,4,A124,30,A143,A153,1,A174,0,1,1
764,1,0,24,A34,A40,2463,2,5,4,1,A101,3,A122,27,A143,A152,2,A173,0,1,1
765,1,2,12,A32,A43,1155,1,6,3,1,A103,3,A121,40,A141,A152,2,A172,0,0,1
766,0,1,30,A32,A42,3108,1,1,2,1,A101,4,A122,31,A143,A152,1,A172,0,0,1
767,1,0,10,A32,A41,2901,0,1,1,0,A101,4,A121,31,A143,A151,1,A173,0,0,1
768,1,2,12,A34,A42,3617,1,6,1,1,A101,4,A123,28,A143,A151,3,A173,0,1,1
769,1,0,12,A34,A43,1655,1,6,2,1,A101,4,A121,63,A143,A152,2,A172,0,1,1
770,1,1,24,A32,A41,2812,0,6,2,0,A101,4,A121,26,A143,A151,1,A173,0,0,1
771,0,1,36,A34,A46,8065,1,4,3,0,A101,2,A124,25,A143,A152,2,A174,0,1,1
772,1,0,21,A34,A41,3275,1,6,1,1,A101,4,A123,36,A143,A152,1,A174,0,1,1
773,1,0,24,A34,A43,2223,2,6,4,1,A101,4,A122,52,A141,A152,2,A173,0,0,1
774,1,3,12,A34,A40,1480,3,0,2,1,A101,4,A124,66,A141,A153,3,A171,0,0,1
775,0,1,24,A32,A40,1371,0,4,4,0,A101,4,A121,25,A143,A151,1,A173,0,0,1
776,1,0,36,A34,A40,3535,1,5,4,1,A101,4,A123,37,A143,A152,2,A173,0,1,1
777,1,1,18,A32,A43,3509,1,5,4,0,A103,1,A121,25,A143,A152,1,A173,0,0,1
778,1,0,36,A34,A41,5711,4,6,4,1,A101,2,A123,38,A143,A152,2,A174,0,1,1
779,1,2,18,A32,A45,3872,1,0,2,0,A101,4,A123,67,A143,A152,1,A173,0,1,1
780,0,2,39,A34,A43,4933,1,5,2,1,A103,2,A121,25,A143,A152,2,A173,0,0,1
781,1,0,24,A34,A40,1940,4,6,4,1,A101,4,A121,60,A143,A152,1,A173,0,1,1
782,1,2,12,A30,A48,1410,1,4,2,1,A101,2,A121,31,A143,A152,1,A172,0,1,1
783,0,2,12,A32,A40,836,2,1,4,0,A101,2,A122,23,A141,A152,1,A172,0,0,1
784,1,2,20,A32,A41,6468,0,0,1,1,A101,4,A121,60,A143,A152,1,A174,0,1,1
785,1,2,18,A32,A49,1941,4,4,4,1,A101,2,A122,35,A143,A152,1,A172,0,1,1
786,1,0,22,A32,A43,2675,3,6,3,1,A101,4,A123,40,A143,A152,1,A173,0,0,1
787,1,0,48,A34,A41,2751,0,6,4,1,A101,3,A123,38,A143,A152,2,A173,1,1,1
788,0,2,48,A33,A46,6224,1,6,4,1,A101,4,A124,50,A143,A153,1,A173,0,0,1
789,0,1,40,A34,A46,5998,1,4,4,1,A101,3,A124,27,A141,A152,1,A173,0,1,1
790,0,2,21,A32,A49,1188,1,6,2,0,A101,4,A122,39,A143,A152,1,A173,1,0,1
791,1,0,24,A32,A41,6313,0,6,3,1,A101,4,A123,41,A143,A152,1,A174,1,1,1
792,1,0,6,A34,A42,1221,0,4,1,1,A101,2,A122,27,A143,A152,2,A173,0,0,1
793,1,3,24,A32,A42,2892,1,6,3,1,A101,4,A124,51,A143,A153,1,A173,0,0,1
794,1,0,24,A32,A42,3062,3,6,4,1,A101,3,A124,32,A143,A151,1,A173,0,1,1
795,1,0,9,A32,A42,2301,2,1,2,0,A101,4,A122,22,A143,A151,1,A173,0,0,1
796,0,1,18,A32,A41,7511,0,6,1,1,A101,4,A122,51,A143,A153,1,A173,1,1,1
797,1,0,12,A34,A42,1258,1,1,2,0,A101,4,A122,22,A143,A151,2,A172,0,0,1
798,1,0,24,A33,A40,717,0,6,4,1,A101,4,A123,54,A143,A152,2,A173,0,1,1
799,1,2,9,A32,A40,1549,0,1,4,1,A101,2,A121,35,A143,A152,1,A171,0,0,1
800,1,0,24,A34,A46,1597,1,6,4,1,A101,4,A124,54,A143,A153,2,A173,1,0,1
801,1,2,18,A34,A43,1795,1,6,3,0,A103,4,A121,48,A141,A151,2,A172,0,1,1
802,1,1,20,A34,A42,4272,1,6,1,0,A101,4,A122,24,A143,A152,2,A173,0,0,1
803,1,0,12,A34,A43,976,0,6,4,1,A101,4,A123,35,A143,A152,2,A173,0,0,1
804,1,2,12,A32,A40,7472,0,0,1,0,A101,2,A121,24,A143,A151,1,A171,0,0,1
805,0,1,36,A32,A40,9271,1,5,2,1,A101,1,A123,24,A143,A152,1,A173,0,1,1
806,1,2,6,A32,A43,590,1,1,3,1,A101,3,A121,26,A143,A152,1,A172,0,0,0
807,1,0,12,A34,A43,930,0,6,4,1,A101,4,A121,65,A143,A152,4,A173,0,0,1
808,1,2,42,A31,A41,9283,1,0,1,1,A101,2,A124,55,A141,A153,1,A174,0,1,1
809,0,2,15,A30,A40,1778,1,1,2,0,A101,1,A121,26,A143,A151,2,A171,0,0,1
810,1,2,8,A32,A49,907,1,1,3,1,A101,2,A121,26,A143,A152,1,A173,0,1,1
811,1,2,6,A32,A43,484,1,5,3,1,A103,3,A121,28,A141,A152,1,A172,0,0,1
812,0,1,36,A34,A41,9629,1,5,4,1,A101,4,A123,24,A143,A152,2,A173,0,1,1
813,0,1,48,A32,A44,3051,1,4,3,1,A101,4,A123,54,A143,A152,1,A173,0,0,1
814,0,1,48,A32,A40,3931,1,5,4,1,A101,4,A124,46,A143,A153,1,A173,1,0,1
815,1,2,36,A33,A40,7432,1,4,2,0,A101,2,A122,54,A143,A151,1,A173,0,0,1
816,1,0,6,A32,A44,1338,3,4,1,1,A101,4,A121,62,A143,A152,1,A173,0,0,1
817,1,0,6,A34,A43,1554,1,5,1,0,A101,2,A123,24,A143,A151,2,A173,0,1,1
818,1,1,36,A32,A410,15857,1,0,2,1,A102,3,A123,43,A143,A152,1,A174,0,0,1
819,0,1,18,A32,A43,1345,1,4,4,1,A101,3,A121,26,A141,A152,1,A173,0,0,1
820,1,0,12,A32,A40,1101,1,4,3,1,A101,2,A121,27,A143,A152,2,A173,0,1,1
821,1,3,12,A32,A43,3016,1,4,3,1,A101,1,A123,24,A143,A152,1,A173,0,0,1
822,0,1,36,A32,A42,2712,1,6,2,1,A101,2,A122,41,A141,A152,1,A173,1,0,1
823,1,1,8,A34,A40,731,1,6,4,1,A101,4,A121,47,A143,A152,2,A172,0,0,1
824,1,0,18,A34,A42,3780,1,1,3,1,A101,2,A123,35,A143,A152,2,A174,0,1,1
825,1,1,21,A34,A40,1602,1,6,4,1,A101,3,A123,30,A143,A152,2,A173,0,1,1
826,0,1,18,A34,A40,3966,1,6,1,0,A101,4,A121,33,A141,A151,3,A173,0,1,1
827,0,0,18,A30,A49,4165,1,4,2,1,A101,2,A123,36,A142,A152,2,A173,1,0,1
828,0,1,36,A32,A41,8335,0,6,3,1,A101,4,A124,47,A143,A153,1,A173,0,0,1
829,1,2,48,A33,A49,6681,0,4,4,1,A101,4,A124,38,A143,A153,1,A173,1,1,1
830,1,0,24,A33,A49,2375,3,4,4,1,A101,2,A123,44,A143,A152,2,A173,1,1,1
831,0,1,18,A32,A40,1216,1,1,4,0,A101,3,A123,23,A143,A151,1,A173,0,1,1
832,0,1,45,A30,A49,11816,1,6,2,1,A101,4,A123,29,A143,A151,2,A173,0,0,1
833,1,2,24,A32,A43,5084,0,6,2,0,A101,4,A123,42,A143,A152,1,A173,0,1,1
834,0,3,15,A32,A43,2327,1,1,2,0,A101,3,A121,25,A143,A152,1,A172,0,0,1
835,0,1,12,A30,A40,1082,1,4,4,1,A101,4,A123,48,A141,A152,2,A173,0,0,1
836,1,0,12,A32,A43,886,0,4,4,0,A101,2,A123,21,A143,A152,1,A173,0,0,1
837,1,0,4,A32,A42,601,1,1,1,0,A101,3,A121,23,A143,A151,1,A172,1,0,1
838,1,1,24,A34,A41,2957,1,6,4,1,A101,4,A122,63,A143,A152,2,A173,0,1,1
839,1,0,24,A34,A43,2611,1,6,4,1,A102,3,A121,46,A143,A152,2,A173,0,0,1
840,0,1,36,A32,A42,5179,1,5,4,1,A101,2,A122,29,A143,A152,1,A173,0,0,1
841,1,0,21,A33,A41,2993,1,4,3,1,A101,2,A121,28,A142,A152,2,A172,0,0,1
842,0,0,18,A32,A45,1943,1,1,4,0,A101,4,A121,23,A143,A152,1,A173,0,0,1
843,1,0,24,A31,A49,1559,1,5,4,1,A101,4,A123,50,A141,A152,1,A173,0,1,1
844,1,0,18,A32,A42,3422,1,6,4,1,A101,4,A122,47,A141,A152,3,A173,1,1,1
845,1,2,21,A32,A42,3976,0,5,2,1,A101,3,A123,35,A143,A152,1,A173,0,1,1
846,0,0,18,A32,A40,6761,0,4,2,1,A101,4,A123,68,A143,A151,2,A173,0,0,1
847,1,0,24,A32,A40,1249,1,1,4,1,A101,2,A121,28,A143,A152,1,A173,0,0,1
848,1,1,9,A32,A43,1364,1,5,3,1,A101,4,A121,59,A143,A152,1,A173,0,0,1
849,0,1,12,A32,A43,709,1,6,4,1,A101,4,A121,57,A142,A152,1,A172,0,0,1
850,0,1,20,A34,A40,2235,1,4,4,1,A103,2,A122,33,A141,A151,2,A173,0,0,0
851,1,0,24,A34,A41,4042,0,5,3,1,A101,4,A122,43,A143,A152,2,A173,0,1,1
852,1,0,15,A34,A43,1471,1,4,4,1,A101,4,A124,35,A143,A153,2,A173,0,1,1
853,0,1,18,A31,A40,1442,1,5,4,1,A101,4,A124,32,A143,A153,2,A172,1,0,1
854,1,0,36,A33,A40,10875,1,6,2,1,A101,2,A123,45,A143,A152,2,A173,1,1,1
855,1,0,24,A32,A40,1474,2,1,4,1,A101,3,A121,33,A143,A152,1,A173,0,1,1
856,1,0,10,A32,A48,894,0,5,4,0,A101,3,A122,40,A143,A152,1,A173,0,1,1
857,1,0,15,A34,A42,3343,1,4,4,1,A101,2,A124,28,A143,A153,1,A173,0,1,1
858,0,1,15,A32,A40,3959,1,4,3,0,A101,2,A122,29,A143,A152,1,A173,0,1,1
859,1,0,9,A32,A40,3577,2,4,1,1,A103,2,A121,26,A143,A151,1,A173,1,0,0
860,1,0,24,A34,A41,5804,4,4,4,1,A101,2,A121,27,A143,A152,2,A173,0,0,1
861,0,0,18,A33,A49,2169,1,4,4,1,A101,2,A123,28,A143,A152,1,A173,0,1,1
862,0,1,24,A32,A43,2439,1,1,4,0,A101,4,A121,35,A143,A152,1,A173,0,1,1
863,1,0,27,A34,A42,4526,4,1,4,1,A101,2,A121,32,A142,A152,2,A172,1,1,1
864,0,0,10,A32,A42,2210,1,4,2,1,A101,2,A121,25,A141,A151,1,A172,0,0,1
865,1,0,15,A32,A42,2221,3,4,2,0,A101,4,A123,20,A143,A151,1,A173,0,0,1
866,1,1,18,A32,A43,2389,1,1,4,0,A101,1,A123,27,A142,A152,1,A173,0,0,1
867,1,0,12,A34,A42,3331,1,6,2,1,A101,4,A122,42,A142,A152,1,A173,0,0,1
868,1,0,36,A32,A49,7409,0,6,3,1,A101,2,A122,37,A143,A152,2,A173,0,0,1
869,1,1,12,A32,A42,652,1,6,4,0,A101,4,A122,24,A143,A151,1,A173,0,0,1
870,1,0,36,A33,A42,7678,3,5,2,0,A101,4,A123,40,A143,A152,2,A173,0,1,1
871,1,3,6,A34,A40,1343,1,6,1,1,A101,4,A121,46,A143,A152,2,A173,1,0,0
872,1,1,24,A34,A49,1382,2,5,4,1,A101,1,A121,26,A143,A152,2,A173,0,1,1
873,1,0,15,A32,A44,874,0,1,4,0,A101,1,A121,24,A143,A152,1,A173,0,0,1
874,1,1,12,A32,A42,3590,1,4,2,1,A102,2,A122,29,A143,A152,1,A172,1,0,1
875,1,2,11,A34,A40,1322,4,4,4,0,A101,4,A123,40,A143,A152,2,A173,0,0,1
876,1,1,18,A31,A43,1940,1,1,3,1,A102,4,A124,36,A141,A153,1,A174,0,1,1
877,1,0,36,A32,A43,3595,1,6,4,1,A101,2,A123,28,A143,A152,1,A173,0,0,1
878,0,1,9,A32,A40,1422,1,1,3,1,A101,2,A124,27,A143,A153,1,A174,0,1,1
879,1,0,30,A34,A43,6742,0,5,2,1,A101,3,A122,36,A143,A152,2,A173,0,0,1
880,1,0,24,A32,A41,7814,1,5,3,1,A101,3,A123,38,A143,A152,1,A174,0,1,1
881,1,0,24,A32,A41,9277,0,4,2,1,A101,4,A124,48,A143,A153,1,A173,0,1,1
882,1,2,30,A34,A40,2181,0,6,4,1,A101,4,A121,36,A143,A152,2,A173,0,0,1
883,1,0,18,A34,A43,1098,1,0,4,0,A101,4,A123,65,A143,A152,2,A171,0,0,1
884,0,2,24,A32,A42,4057,1,5,3,1,A101,3,A123,43,A143,A152,1,A173,0,1,1
885,0,1,12,A32,A46,795,1,1,4,0,A101,4,A122,53,A143,A152,1,A173,0,0,1
886,1,2,24,A34,A49,2825,0,5,4,1,A101,3,A124,34,A143,A152,2,A173,1,1,1
887,0,2,48,A32,A49,15672,1,4,2,1,A101,2,A123,23,A143,A152,1,A173,0,1,1
888,1,0,36,A34,A40,6614,1,6,4,1,A101,4,A123,34,A143,A152,2,A174,0,1,1
889,1,0,28,A31,A41,7824,0,1,3,1,A103,4,A121,40,A141,A151,2,A173,1,1,1
890,1,1,27,A34,A49,2442,1,6,4,1,A101,4,A123,43,A142,A152,4,A174,1,1,1
891,1,0,15,A34,A43,1829,1,6,4,1,A101,4,A123,46,A143,A152,2,A173,0,1,1
892,1,1,12,A34,A40,2171,1,4,4,1,A101,4,A122,38,A141,A152,2,A172,0,0,0
893,1,2,36,A34,A41,5800,1,4,3,1,A101,4,A123,34,A143,A152,2,A173,0,1,1
894,1,0,18,A34,A43,1169,0,4,4,1,A101,3,A122,29,A143,A152,2,A173,0,1,1
895,1,0,36,A33,A41,8947,0,5,3,1,A101,2,A123,31,A142,A152,1,A174,1,1,1
896,1,1,21,A32,A43,2606,1,1,4,0,A101,4,A122,28,A143,A151,1,A174,0,1,1
897,1,0,12,A34,A42,1592,4,5,3,0,A101,2,A122,35,A143,A152,1,A173,0,0,0
898,1,0,15,A32,A42,2186,0,5,1,0,A101,4,A121,33,A141,A151,1,A172,0,0,1
899,0,1,18,A32,A42,4153,1,4,2,1,A102,3,A123,42,A143,A152,1,A173,0,0,1
900,0,1,16,A34,A40,2625,1,6,2,1,A103,4,A122,43,A141,A151,1,A173,0,1,1
901,1,0,20,A34,A40,3485,0,1,2,1,A101,4,A121,44,A143,A152,2,A173,0,1,1
902,1,0,36,A34,A41,10477,0,6,2,1,A101,4,A124,42,A143,A153,2,A173,0,0,1
903,1,0,15,A32,A43,1386,0,4,4,1,A101,2,A121,40,A143,A151,1,A173,0,1,1
904,1,0,24,A32,A43,1278,1,6,4,1,A101,1,A121,36,A143,A152,1,A174,0,1,1
905,1,1,12,A32,A43,1107,1,4,2,1,A101,2,A121,20,A143,A151,1,A174,1,1,1
906,1,1,21,A32,A40,3763,0,5,2,1,A102,2,A121,24,A143,A152,1,A172,0,0,0
907,1,2,36,A32,A46,3711,0,4,2,1,A101,2,A123,27,A143,A152,1,A173,0,0,1
908,1,0,15,A33,A41,3594,1,1,1,0,A101,2,A122,46,A143,A152,2,A172,0,0,1
909,1,2,9,A32,A40,3195,0,4,1,0,A101,2,A121,33,A143,A152,1,A172,0,0,1
910,1,0,36,A33,A43,4454,1,4,4,0,A101,4,A121,34,A143,A152,2,A173,0,0,1
911,0,2,24,A34,A42,4736,1,1,2,0,A101,4,A123,25,A141,A152,1,A172,0,0,1
912,1,2,30,A32,A43,2991,0,6,2,0,A101,4,A123,25,A143,A152,1,A173,0,0,1
913,1,0,11,A32,A49,2142,4,6,1,1,A101,2,A121,28,A143,A152,1,A173,0,1,1
914,0,1,24,A31,A49,3161,1,4,4,1,A101,2,A122,31,A143,A151,1,A173,0,1,1
915,0,2,48,A30,A410,18424,1,4,1,0,A101,2,A122,32,A141,A152,1,A174,0,1,0
916,1,0,10,A32,A41,2848,2,4,1,1,A102,2,A121,32,A143,A152,1,A173,1,0,1
917,0,1,6,A32,A40,14896,1,6,1,1,A101,4,A124,68,A141,A152,1,A174,0,1,1
918,0,1,24,A32,A42,2359,2,0,1,1,A101,1,A122,33,A143,A152,1,A173,0,0,1
919,0,1,24,A32,A42,3345,1,6,4,1,A101,2,A122,39,A143,A151,1,A174,0,1,1
920,1,0,18,A34,A42,1817,1,4,4,0,A101,2,A124,28,A143,A152,2,A173,0,0,1
921,1,0,48,A33,A43,12749,3,5,4,1,A101,1,A123,37,A143,A152,1,A174,0,1,1
922,0,1,9,A32,A43,1366,1,1,3,0,A101,4,A122,22,A143,A151,1,A173,0,0,1
923,1,2,12,A32,A40,2002,1,5,3,1,A101,4,A122,30,A143,A151,1,A173,1,1,1
924,0,1,24,A31,A42,6872,1,1,2,1,A101,1,A122,55,A141,A152,1,A173,0,1,1
925,0,1,12,A31,A40,697,1,1,4,1,A101,2,A123,46,A141,A152,2,A173,0,1,1
926,1,1,18,A34,A42,1049,1,1,4,0,A101,4,A122,21,A143,A151,1,A173,0,0,1
927,0,1,48,A32,A41,10297,1,5,4,1,A101,4,A124,39,A142,A153,3,A173,1,1,1
928,1,0,30,A32,A43,1867,0,6,4,1,A101,4,A123,58,A143,A152,1,A173,0,1,1
929,1,1,12,A33,A40,1344,1,4,4,1,A101,2,A121,43,A143,A152,2,A172,1,0,1
930,1,1,24,A32,A42,1747,1,1,4,1,A102,1,A122,24,A143,A152,1,A172,0,0,0
931,0,2,9,A32,A43,1670,1,1,4,0,A101,2,A123,22,A143,A152,1,A173,0,1,1
932,1,0,9,A34,A40,1224,1,4,3,1,A101,1,A121,30,A143,A152,2,A173,0,0,1
933,1,0,12,A34,A43,522,3,6,4,1,A101,4,A122,42,A143,A152,2,A173,1,1,1
934,1,1,12,A32,A43,1498,1,4,4,0,A101,1,A123,23,A141,A152,1,A173,0,0,1
935,0,2,30,A33,A43,1919,2,1,4,1,A101,3,A124,30,A142,A152,2,A174,0,0,1
936,0,3,9,A32,A43,745,1,4,3,0,A101,2,A121,28,A143,A152,1,A172,0,0,1
937,1,2,6,A32,A43,2063,1,1,4,1,A101,3,A123,30,A143,A151,1,A174,0,1,1
938,0,2,60,A32,A46,6288,1,4,4,1,A101,4,A124,42,A143,A153,1,A173,0,0,1
939,1,0,24,A34,A41,6842,0,4,2,1,A101,4,A122,46,A143,A152,2,A174,1,1,1
940,1,0,12,A32,A40,3527,0,1,2,1,A101,3,A122,45,A143,A152,1,A174,1,1,1
941,1,0,10,A32,A40,1546,1,4,3,1,A101,2,A121,31,A143,A152,1,A172,1,0,0
942,1,0,24,A32,A42,929,0,5,4,1,A101,2,A123,31,A142,A152,1,A173,0,1,1
943,1,0,4,A34,A40,1455,1,5,2,1,A101,1,A121,42,A143,A152,3,A172,1,0,1
944,1,1,15,A32,A42,1845,1,1,4,0,A103,1,A122,46,A143,A151,1,A173,0,0,1
945,1,2,48,A30,A40,8358,3,1,1,0,A101,1,A123,30,A143,A152,2,A173,0,0,1
946,0,1,24,A31,A42,3349,3,1,4,1,A101,4,A124,30,A143,A153,1,A173,1,1,1
947,1,0,12,A32,A40,2859,0,0,4,1,A101,4,A124,38,A143,A152,1,A174,0,1,1
948,0,0,18,A32,A42,1533,1,1,4,1,A102,1,A122,43,A143,A152,1,A172,1,0,1
949,0,0,24,A32,A43,3621,2,6,2,1,A101,4,A123,31,A143,A152,2,A173,0,0,1
950,1,2,18,A34,A49,3590,1,0,3,1,A101,3,A123,40,A143,A152,3,A171,1,1,1
951,0,1,36,A33,A49,2145,1,5,2,1,A101,1,A123,24,A143,A152,2,A173,0,1,1
952,0,2,24,A32,A41,4113,3,1,3,0,A101,4,A123,28,A143,A151,1,A173,0,0,1
953,0,0,36,A32,A42,10974,1,0,4,0,A101,2,A123,26,A143,A152,2,A174,0,1,1
954,1,1,12,A32,A40,1893,1,4,4,0,A103,4,A122,29,A143,A152,1,A173,0,1,1
955,1,1,24,A34,A43,1231,4,6,4,0,A101,4,A122,57,A143,A151,2,A174,0,1,1
956,1,3,30,A34,A43,3656,0,6,4,1,A101,4,A122,49,A142,A152,2,A172,0,0,1
957,1,2,9,A34,A43,1154,1,6,2,1,A101,4,A121,37,A143,A152,3,A172,0,0,1
958,0,1,28,A32,A40,4006,1,4,3,1,A101,2,A123,45,A143,A152,1,A172,0,0,1
959,1,2,24,A32,A42,3069,2,6,4,1,A101,4,A124,30,A143,A153,1,A173,0,0,1
960,1,0,6,A34,A43,1740,1,6,2,1,A101,2,A121,30,A143,A151,2,A173,0,0,1
961,1,2,21,A33,A40,2353,1,4,1,1,A101,4,A122,47,A143,A152,2,A173,0,0,1
962,1,0,15,A32,A40,3556,0,4,3,1,A101,2,A124,29,A143,A152,1,A173,0,0,1
963,0,0,24,A32,A43,2397,3,6,3,1,A101,2,A123,35,A141,A152,2,A173,0,1,1
964,1,2,6,A32,A45,454,1,1,3,1,A101,1,A122,22,A143,A152,1,A172,0,0,1
965,1,2,30,A32,A43,1715,0,4,4,0,A101,1,A123,26,A143,A152,1,A173,0,0,1
966,0,2,27,A34,A43,2520,3,4,4,1,A101,2,A122,23,A143,A152,2,A172,0,0,1
967,1,0,15,A32,A43,3568,1,6,4,0,A101,2,A123,54,A141,A151,1,A174,0,1,1
968,1,0,42,A32,A43,7166,0,5,2,1,A101,4,A122,29,A143,A151,1,A173,0,1,1
969,1,1,11,A34,A40,3939,1,4,1,1,A101,2,A121,40,A143,A152,2,A172,1,0,1
970,1,2,15,A32,A45,1514,2,4,4,1,A103,2,A121,22,A143,A152,1,A173,0,0,1
971,1,0,24,A32,A40,7393,1,4,1,1,A101,4,A122,43,A143,A152,1,A172,1,0,1
972,0,1,24,A31,A40,1193,1,0,1,0,A102,4,A124,29,A143,A151,2,A171,0,0,1
973,0,1,60,A32,A49,7297,1,6,4,1,A102,4,A124,36,A143,A151,1,A173,0,0,1
974,1,0,30,A34,A43,2831,1,4,4,0,A101,2,A123,33,A143,A152,1,A173,0,1,1
975,1,3,24,A32,A43,1258,3,4,3,0,A101,3,A123,57,A143,A152,1,A172,0,0,1
976,1,2,6,A32,A43,753,1,4,2,0,A103,3,A121,64,A143,A152,1,A173,0,0,1
977,1,2,18,A33,A49,2427,0,6,4,1,A101,2,A122,42,A143,A152,2,A173,0,0,1
978,0,0,24,A33,A40,2538,1,6,4,1,A101,4,A123,47,A143,A152,2,A172,1,0,1
979,0,2,15,A31,A40,1264,2,4,2,1,A101,2,A122,25,A143,A151,1,A173,0,0,1
980,0,2,30,A34,A42,8386,1,5,2,1,A101,2,A122,49,A143,A152,1,A173,0,0,1
981,0,0,48,A32,A49,4844,1,0,3,1,A101,2,A123,33,A141,A151,1,A174,0,1,1
982,1,3,21,A32,A40,2923,2,4,1,0,A101,1,A123,28,A141,A152,1,A174,0,1,1
983,0,1,36,A32,A41,8229,1,4,2,1,A101,2,A122,26,A143,A152,1,A173,1,0,1
984,1,0,24,A34,A42,2028,1,5,2,1,A101,2,A122,30,A143,A152,2,A172,0,0,1
985,1,1,15,A34,A42,1433,1,4,4,0,A101,3,A122,25,A143,A151,2,A173,0,0,1
986,1,3,42,A30,A49,6289,1,1,2,1,A101,1,A122,33,A143,A152,2,A173,0,0,1
987,1,0,13,A32,A43,1409,2,0,2,0,A101,4,A121,64,A143,A152,1,A173,0,0,1
988,1,1,24,A32,A41,6579,1,0,4,1,A101,2,A124,29,A143,A153,1,A174,0,1,1
989,1,2,24,A34,A43,1743,1,6,4,1,A101,2,A122,48,A143,A152,2,A172,0,0,1
990,1,0,12,A34,A46,3565,0,1,2,1,A101,1,A122,37,A143,A152,2,A172,1,0,1
991,1,0,15,A31,A43,1569,2,6,4,1,A101,4,A123,34,A141,A152,1,A172,1,0,1
992,1,1,18,A32,A43,1936,0,5,2,1,A101,4,A123,23,A143,A151,2,A172,0,0,1
993,1,1,36,A32,A42,3959,1,0,4,1,A101,3,A122,30,A143,A152,1,A174,0,1,1
994,1,0,12,A32,A40,2390,0,6,4,1,A101,3,A123,50,A143,A152,1,A173,0,1,1
995,1,0,12,A32,A42,1736,1,5,3,0,A101,4,A121,31,A143,A152,1,A172,0,0,1
996,1,1,30,A32,A41,3857,1,4,4,1,A101,4,A122,40,A143,A152,1,A174,0,1,1
997,1,0,12,A32,A43,804,1,6,4,1,A101,4,A123,38,A143,A152,1,A173,0,0,1
998,0,1,45,A32,A43,1845,1,4,4,1,A101,4,A124,23,A143,A153,1,A173,0,1,1
999,1,2,45,A34,A41,4576,2,0,3,1,A101,4,A123,27,A143,A152,1,A173,0,0,1
